지점,지점명,일시,기온(°C),기온 QC플래그,강수량(mm),강수량 QC플래그,풍속(m/s),풍속 QC플래그,풍향(16방위),풍향 QC플래그,습도(%),습도 QC플래그,증기압(hPa),이슬점온도(°C),현지기압(hPa),현지기압 QC플래그,해면기압(hPa),해면기압 QC플래그,일조(hr),일조 QC플래그,일사(MJ/m2),일사 QC플래그,적설(cm),3시간신적설(cm),전운량(10분위),중하층운량(10분위),운형(운형약어),최저운고(100m ),시정(10m),지면상태(지면상태코드),현상번호(국내식),지면온도(°C),지면온도 QC플래그,5cm 지중온도(°C),10cm 지중온도(°C),20cm 지중온도(°C),30cm 지중온도(°C)
98,동두천,2023-06-17 01:00,18.1,,,,0,,0,,86,,17.8,15.7,1000.9,,1014.4,,,9,,9,,,0,0,,,4069,,,19.7,,,,,
98,동두천,2023-06-17 02:00,17.8,,,,.4,,0,,82,,16.6,14.6,1001,,1014.5,,,9,,9,,,0,0,,,4567,,,19.2,,,,,
98,동두천,2023-06-17 03:00,17.3,,,,0,,0,,81,,16,14,1001.2,,1014.7,,,9,,9,,,1,0,,,4640,,,18.6,,,,,
98,동두천,2023-06-17 04:00,16.8,,,,.5,,90,,83,,15.8,13.8,1001.6,,1015.2,,,9,,9,,,0,0,,,4405,,,18.1,,,,,
98,동두천,2023-06-17 05:00,15.8,,,,.5,,50,,89,,15.9,13.9,1001.4,,1015.1,,,9,,9,,,0,0,,,3760,,,17.7,,,,,
98,동두천,2023-06-17 06:00,15.8,,,,1,,340,,90,,16.1,14.1,1001.6,,1015.3,,0,,.04,,,,0,0,,,2550,,,17.8,,,,,
98,동두천,2023-06-17 07:00,18.1,,,,0,,0,,84,,17.4,15.3,1001.5,,1015,,.9,,.52,,,,0,0,,,2717,,,19.1,,,,,
98,동두천,2023-06-17 08:00,20.7,,,,.1,,0,,72,,17.5,15.4,1001.2,,1014.6,,1,,1.21,,,,0,0,,,4453,,,21.6,,,,,
98,동두천,2023-06-17 09:00,23.4,,,,.8,,270,,68,,19.5,17.1,1001,,1014.2,,1,,1.9,,,,0,0,,,3015,,,25.8,,,,,
98,동두천,2023-06-17 10:00,25.4,,,,.9,,270,,54,,17.5,15.4,1000.6,,1013.8,,1,,2.52,,,,0,0,,,4181,,,30.7,,,,,
98,동두천,2023-06-17 11:00,26.2,,,,1.4,,250,,52,,17.6,15.5,1000.4,,1013.5,,1,,3.01,,,,0,0,,,3612,,,35.5,,,,,
98,동두천,2023-06-17 12:00,27.7,,,,1.9,,340,,46,,17,15,1000.3,,1013.3,,1,,3.32,,,,0,0,,,4967,,,39.1,,,,,
98,동두천,2023-06-17 13:00,28.8,,,,1,,230,,50,,19.7,17.3,999.7,,1012.7,,1,,3.39,,,,1,1,,66,5000,,,41.2,,,,,
98,동두천,2023-06-17 14:00,29.3,,,,1.9,,270,,43,,17.5,15.4,999,,1011.9,,1,,3.3,,,,6,1,,55,5000,,,42.5,,,,,
98,동두천,2023-06-17 15:00,29.2,,,,2.2,,250,,49,,19.7,17.3,998.7,,1011.6,,1,,2.98,,,,3,0,,,5000,,,42.2,,,,,
98,동두천,2023-06-17 16:00,28.3,,,,1.8,,270,,51,,19.5,17.1,998,,1011,,1,,2.31,,,,6,0,,,5000,,,38.6,,,,,
98,동두천,2023-06-17 17:00,27.1,,,,2,,270,,52,,18.5,16.3,997.9,,1010.9,,1,,1.34,,,,7,0,,,4614,,,34.6,,,,,
98,동두천,2023-06-17 18:00,26.2,,,,2.6,,250,,57,,19.4,17,997.7,,1010.8,,.6,,.82,,,,8,0,,,4890,,,31.2,,,,,
98,동두천,2023-06-17 19:00,25.1,,,,2.8,,250,,67,,21.3,18.5,997.9,,1011.1,,0,,.3,,,,9,0,,,4698,,,28.3,,,,,
98,동두천,2023-06-17 20:00,23.5,,,,2.2,,230,,68,,19.6,17.2,997.8,,1010.9,,0,,.04,,,,10,0,,,5000,,,26,,,,,
98,동두천,2023-06-17 21:00,22.6,,,,1.7,,230,,69,,18.9,16.6,998.1,,1011.3,,,9,,9,,,8,0,,,4536,,,24.5,,,,,
98,동두천,2023-06-17 22:00,21.8,,,,.6,,140,,72,,18.8,16.5,998.5,,1011.8,,,9,,9,,,8,0,,,4384,,,23.7,,,,,
98,동두천,2023-06-17 23:00,21.2,,,,.5,,140,,69,,17.3,15.2,998.2,,1011.5,,,9,,9,,,9,0,,,4969,,,23,,,,,
98,동두천,2023-06-18 00:00,21.1,,,,.1,,0,,74,,18.4,16.2,998,,1011.3,,,9,,9,,,10,1,,73,4612,,,22.4,,,,,
98,동두천,2023-06-18 01:00,20.2,,,,.6,,50,,78,,18.4,16.2,997.5,,1010.9,,,9,,9,,,9,3,,69,4416,,,22,,,,,
98,동두천,2023-06-18 02:00,19.7,,,,.5,,340,,83,,19,16.7,997.3,,1010.6,,,9,,9,,,9,3,,73,3664,,,21.5,,,,,
98,동두천,2023-06-18 03:00,19.2,,,,.7,,50,,83,,18.4,16.2,996.9,,1010.2,,,9,,9,,,9,9,,69,3897,,,21,,,,,
98,동두천,2023-06-18 04:00,18.7,,,,.8,,50,,87,,18.6,16.4,996.5,,1009.9,,,9,,9,,,9,3,,67,3351,,,20.7,,,,,
98,동두천,2023-06-18 05:00,18.1,,,,.5,,50,,88,,18.2,16,996.4,,1009.8,,,9,,9,,,7,7,,69,3233,,,20.1,,,,,
98,동두천,2023-06-18 06:00,18,,,,.6,,360,,91,,18.8,16.5,996.5,,1009.9,,0,,.05,,,,7,0,,,2388,,,20.2,,,,,
98,동두천,2023-06-18 07:00,19.5,,,,.2,,0,,87,,19.6,17.2,996.2,,1009.5,,.3,,.43,,,,7,0,,,2952,,,21.7,,,,,
98,동두천,2023-06-18 08:00,21.1,,,,.1,,0,,82,,20.4,17.8,996.2,,1009.5,,.1,,.76,,,,8,1,,73,3031,,,23.7,,,,,
98,동두천,2023-06-18 09:00,22.7,,,,.8,,20,,75,,20.6,18,995.8,,1009,,.2,,1.08,,,,7,1,,70,3615,,,26,,,,,
98,동두천,2023-06-18 10:00,24.4,,,,.6,,340,,67,,20.4,17.8,995.5,,1008.5,,.6,,1.61,,,,8,1,,69,4384,,,30,,,,,
98,동두천,2023-06-18 11:00,25.2,,,,.8,,90,,60,,19.1,16.8,995.1,,1008.2,,1,,2.9,,,,8,0,,,4876,,,36.2,,,,,
98,동두천,2023-06-18 12:00,27,,,,.6,,200,,60,,21.3,18.5,994.5,,1007.5,,1,,3.07,,,,7,0,,,1502,,,39.7,,,,,
98,동두천,2023-06-18 13:00,28.4,,,,1.4,,50,,55,,21.2,18.4,994.1,,1007,,1,,3.35,,,,0,0,,,1397,,,44.2,,,,,
98,동두천,2023-06-18 14:00,29.9,,,,.5,,250,,55,,23.1,19.8,993.1,,1006,,1,,3.39,,,,1,0,,,4820,,,46,,,,,
98,동두천,2023-06-18 15:00,31.3,,,,1.1,,250,,58,,26.4,22,992.5,,1005.3,,1,,3.09,,,,0,0,,,424,,,46.4,,,,,
98,동두천,2023-06-18 16:00,31.7,,,,.8,,290,,51,,23.8,20.3,992.1,,1004.9,,1,,2.59,,,,0,0,,,,,,43,,,,,
98,동두천,2023-06-18 17:00,31.6,,,,1,,270,,56,,26,21.7,991.9,,1004.7,,1,,1.97,,,,0,0,,,,,,41,,,,,
98,동두천,2023-06-18 18:00,30.7,,,,1.5,,290,,60,,26.4,22,991.9,,1004.7,,1,,1.24,,,,0,0,,,4469,,,36,,,,,
98,동두천,2023-06-18 19:00,29.4,,,,.2,,0,,63,,25.8,21.6,991.9,,1004.7,,.4,,.47,,,,0,0,,,4001,,,31.2,,,,,
98,동두천,2023-06-18 20:00,26.7,,,,1.5,,230,,73,,25.5,21.4,992.4,,1005.4,,0,,.08,,,,6,0,,,3105,,,28.3,,,,,
98,동두천,2023-06-18 21:00,25.5,,,,1.5,,230,,78,,25.3,21.3,992.9,,1006,,,9,,9,,,0,0,,,2662,,,26.6,,,,,
98,동두천,2023-06-18 22:00,24.9,,,,.8,,70,,81,,25.5,21.4,993.6,,1006.7,,,9,,9,,,0,0,,,2647,,,25.5,,,,,
98,동두천,2023-06-18 23:00,23.8,,,,.7,,320,,87,,25.5,21.4,993.6,,1006.7,,,9,,9,,,0,0,,,2176,,,24.5,,,,,
98,동두천,2023-06-19 00:00,22.7,,,,.5,,320,,89,,24.4,20.7,993.6,,1006.7,,,9,,9,,,0,0,,,1683,,,23.7,,,,,
98,동두천,2023-06-19 01:00,22,,,,.7,,360,,92,,24.3,20.6,993.9,,1007.1,,,9,,9,,,0,0,,,1593,,,22.8,,,,,
98,동두천,2023-06-19 02:00,21.5,,,,.8,,110,,93,,23.8,20.3,993.5,,1006.7,,,9,,9,,,0,0,,,1424,,,22.5,,,,,
98,동두천,2023-06-19 03:00,21.2,,,,.3,,0,,93,,23.4,20,993.1,,1006.4,,,9,,9,,,0,0,,,1296,,,22,,,,,
98,동두천,2023-06-19 04:00,20.8,,,,.4,,0,,93,,22.8,19.6,993.5,,1006.8,,,9,,9,,,0,0,,,1290,,,21.6,,,,,
98,동두천,2023-06-19 05:00,19.8,,,,.6,,360,,94,,21.7,18.8,993.3,,1006.7,,,9,,9,,,0,0,,,1018,,,21.1,,,,,
98,동두천,2023-06-19 06:00,20.2,,,,.4,,0,,93,,22,19,993.7,,1007,,0,,.05,,,,0,0,,,1287,,,21.3,,,,,
98,동두천,2023-06-19 07:00,22.1,,,,.1,,0,,89,,23.5,20.1,994,,1007.2,,.8,,.44,,,,0,0,,,1718,,,22.6,,,,,
98,동두천,2023-06-19 08:00,24.2,,,,.5,,50,,75,,22.5,19.4,994.5,,1007.5,,1,,1.11,,,,0,0,,,2117,,,24.8,,,,,
98,동두천,2023-06-19 09:00,26,,,,.2,,0,,65,,21.8,18.9,994.5,,1007.6,,1,,1.8,,,,0,0,,,3078,,,29.2,,,,,
98,동두천,2023-06-19 10:00,28.7,,,,.2,,0,,61,,24,20.4,994.3,,1007.2,,1,,2.44,,,,0,0,,,3128,,,35.2,,,,,
98,동두천,2023-06-19 11:00,29.8,,,,1.4,,90,,52,,21.7,18.8,994,,1006.9,,1,,2.9,,,,3,0,,,3367,,,40.7,,,,,
98,동두천,2023-06-19 12:00,30.7,,,,.6,,140,,46,,20.2,17.7,993.5,,1006.3,,1,,3.25,,,,6,0,,,3397,,,44.7,,,,,
98,동두천,2023-06-19 13:00,31.2,,,,1,,90,,46,,20.8,18.1,992.9,,1005.7,,1,,3.08,,,,6,0,,,3479,,,45.2,,,,,
98,동두천,2023-06-19 14:00,32.1,,,,.7,,140,,43,,20.5,17.9,992.2,,1005,,1,,3.28,,,,6,0,,,3320,,,48.3,,,,,
98,동두천,2023-06-19 15:00,32.4,,,,1.3,,180,,42,,20.4,17.8,991.5,,1004.2,,1,,2.62,,,,6,0,,,3306,,,46.9,,,,,
98,동두천,2023-06-19 16:00,31.9,,,,.6,,90,,47,,22.1,19.1,991.2,,1004,,.8,,1.74,,,,6,0,,,2892,,,40.1,,,,,
98,동두천,2023-06-19 17:00,31.6,,,,1.4,,230,,47,,21.8,18.9,991.2,,1004,,.6,,1.48,,,,7,0,,,2932,,,40.2,,,,,
98,동두천,2023-06-19 18:00,30.3,,,,.7,,360,,58,,25,21.1,991.4,,1004.2,,.7,,.94,,,,7,0,,,2749,,,35.2,,,,,
98,동두천,2023-06-19 19:00,29.2,,,,.7,,70,,65,,26.3,21.9,991.8,,1004.6,,0,,.31,,,,8,0,,,2962,,,31.8,,,,,
98,동두천,2023-06-19 20:00,28.1,,,,.3,,0,,71,,26.9,22.3,991.9,,1004.8,,0,,.06,,,,7,2,,21,2587,,,29.2,,,,,
98,동두천,2023-06-19 21:00,27,,,,.4,,0,,74,,26.3,21.9,992,,1005,,,9,,9,,,5,0,,,2331,,,27.5,,,,,
98,동두천,2023-06-19 22:00,26.6,,,,2.4,,250,,80,,27.7,22.8,992.7,,1005.7,,,9,,9,,,7,0,,,1305,,,26.7,,,,,
98,동두천,2023-06-19 23:00,25.5,,,,2,,230,,74,,24.1,20.5,993.2,,1006.3,,,9,,9,,,7,7,,17,1624,,,26,,,,,
98,동두천,2023-06-20 00:00,25.3,,,,.1,,0,,77,,24.7,20.9,993.2,,1006.3,,,9,,9,,,6,6,,15,1423,,,25.7,,,,,
98,동두천,2023-06-20 01:00,25.2,,,,0,,0,,78,,24.9,21,992.9,,1006,,,9,,9,,,9,9,,14,1365,,,25.6,,,,,
98,동두천,2023-06-20 02:00,24.2,,,,.5,,250,,81,,24.4,20.7,992.2,,1005.2,,,9,,9,,,10,4,,19,1055,,,24.8,,,,,
98,동두천,2023-06-20 03:00,23.6,,,,.1,,0,,85,,24.7,20.9,992,,1005.1,,,9,,9,,,8,8,,67,1346,,,24.2,,,,,
98,동두천,2023-06-20 04:00,23,,,,.5,,340,,88,,24.6,20.8,991.9,,1005,,,9,,9,,,7,7,,58,1147,,,23.8,,,,,
98,동두천,2023-06-20 05:00,22.5,,,,.6,,20,,90,,24.4,20.7,992.2,,1005.3,,,9,,9,,,8,8,,57,977,,,23.7,,,,,
98,동두천,2023-06-20 06:00,22.2,,,,.8,,20,,91,,24.3,20.6,992.3,,1005.5,,0,,.02,,,,10,10,,58,1161,,,23.8,,,,,
98,동두천,2023-06-20 07:00,22.6,,,,.4,,0,,90,,24.6,20.8,992.4,,1005.5,,0,,.18,,,,10,9,,58,1391,,,24.6,,,,,
98,동두천,2023-06-20 08:00,23.1,,,,.8,,360,,88,,24.7,20.9,992.7,,1005.8,,0,,.27,,,,10,6,,58,1785,,,25.3,,,,,
98,동두천,2023-06-20 09:00,23.1,,,,.7,,50,,82,,23.1,19.8,992.7,,1005.8,,0,,.4,,,,10,1,,55,2633,,,25.7,,,,,
98,동두천,2023-06-20 10:00,23.4,,,,1.5,,50,,80,,22.9,19.7,992.4,,1005.5,,0,,.45,,,,10,4,,49,3192,,,26.3,,,,,
98,동두천,2023-06-20 11:00,24.2,,,,1,,70,,80,,24.1,20.5,992.5,,1005.5,,0,,.81,,,,10,8,,48,2233,,,28.3,,,,,
98,동두천,2023-06-20 12:00,24.1,,,,1.6,,160,,81,,24.3,20.6,992.1,,1005.1,,0,,.52,,,,10,0,,,2316,,,27.2,,,,,
98,동두천,2023-06-20 13:00,23.3,,.1,,2,,140,,81,,23.1,19.8,992.7,,1005.8,,0,,.29,,,,10,7,,16,956,,,26.2,,,,,
98,동두천,2023-06-20 14:00,22.6,,0,,1.1,,340,,78,,21.3,18.5,990.7,,1003.8,,0,,.57,,,,10,8,,8,3077,,,26.4,,,,,
98,동두천,2023-06-20 15:00,24.2,,,9,1.2,,70,,72,,21.7,18.8,990.6,,1003.6,,0,,1.04,,,,10,4,,39,3267,,,28.2,,,,,
98,동두천,2023-06-20 16:00,23.8,,,9,.8,,360,,76,,22.4,19.3,990,,1003,,0,,.74,,,,10,5,,40,3008,,,27.8,,,,,
98,동두천,2023-06-20 17:00,24.4,,,9,.3,,0,,71,,21.6,18.7,990.4,,1003.4,,0,,.52,,,,10,7,,35,3373,,,27.4,,,,,
98,동두천,2023-06-20 18:00,24.1,,,9,.9,,70,,74,,22.1,19.1,990.3,,1003.3,,0,,.49,,,,10,6,,39,3271,,,27.1,,,,,
98,동두천,2023-06-20 19:00,23.2,,,9,.6,,20,,81,,22.9,19.7,990.1,,1003.2,,0,,.28,,,,9,8,,41,3185,,,25.6,,,,,
98,동두천,2023-06-20 20:00,23.1,,,9,1.1,,50,,78,,22,19,990,,1003.1,,0,,.09,,,,8,5,,45,2906,,,23.9,,,,,
98,동두천,2023-06-20 21:00,22.3,,,9,.4,,0,,79,,21.2,18.4,990.1,,1003.2,,,9,,9,,,6,6,,17,3137,,,23.2,,,,,
98,동두천,2023-06-20 22:00,22.2,,0,,.6,,180,,80,,21.3,18.5,990.3,,1003.4,,,9,,9,,,10,9,,18,2557,,,23.2,,,,,
98,동두천,2023-06-20 23:00,21.5,,0,,.6,,110,,86,,22,19,990.3,,1003.5,,,9,,9,,,10,4,,16,2631,,,22.7,,,,,
98,동두천,2023-06-21 00:00,19.8,,3.7,,1.3,,110,,95,,21.8,18.9,990.7,,1004,,,9,,9,,,10,9,,11,203,,,21.7,,,,,
98,동두천,2023-06-21 01:00,19.1,,6.4,,.6,,50,,96,,21.2,18.4,990.1,,1003.3,,,9,,9,,,10,9,,1,196,,,21.2,,,,,
98,동두천,2023-06-21 02:00,18.7,,7.4,,.7,,70,,97,,20.9,18.2,988.9,,1002.2,,,9,,9,,,10,9,,5,546,,,20.7,,,,,
98,동두천,2023-06-21 03:00,18.7,,1,,.7,,360,,99,,21.3,18.5,988.7,,1002,,,9,,9,,,8,8,,1,204,,,21,,,,,
98,동두천,2023-06-21 04:00,18.5,,.9,,.3,,0,,100,,21.2,18.4,988.6,,1001.9,,,9,,9,,,9,9,,2,179,,,20.8,,,,,
98,동두천,2023-06-21 05:00,18.3,,2,,.1,,0,,100,,20.9,18.2,988.4,,1001.7,,,9,,9,,,10,9,,5,78,,,20.7,,,,,
98,동두천,2023-06-21 06:00,18.6,,.3,,0,,0,,100,,21.3,18.5,988.7,,1002,,0,,0,,,,10,9,,,204,,,20.8,,,,,
98,동두천,2023-06-21 07:00,18.5,,.9,,0,,0,,100,,21.2,18.4,988.7,,1002,,0,,.05,,,,9,9,,,499,,,21.2,,,,,
98,동두천,2023-06-21 08:00,18.6,,.2,,.5,,340,,100,,21.3,18.5,988.7,,1002,,0,,.13,,,,8,8,,,124,,,21.6,,,,,
98,동두천,2023-06-21 09:00,18.8,,.1,,.3,,0,,100,,21.6,18.7,988.7,,1001.9,,0,,.32,,,,6,6,,,178,,,22.7,,,,,
98,동두천,2023-06-21 10:00,19.2,,,9,.3,,0,,100,,22.1,19.1,988.4,,1001.6,,0,,.5,,,,8,8,,,201,,,23.5,,,,,
98,동두천,2023-06-21 11:00,19.4,,.1,,.6,,340,,100,,22.4,19.3,988.2,,1001.4,,0,,.59,,,,9,9,,,325,,,24.3,,,,,
98,동두천,2023-06-21 12:00,19.6,,,9,.6,,340,,100,,22.7,19.5,988.2,,1001.4,,0,,.58,,,,9,9,,1,436,,,24.8,,,,,
98,동두천,2023-06-21 13:00,20,,,9,.9,,340,,96,,22.4,19.3,987.9,,1001.2,,0,,.93,,,,9,9,,1,1210,,,26,,,,,
98,동두천,2023-06-21 14:00,20.9,,,9,.3,,0,,95,,23.4,20,987.9,,1001.1,,0,,.83,,,,8,8,,2,2290,,,27.1,,,,,
98,동두천,2023-06-21 15:00,20,,.1,,.2,,0,,95,,22.1,19.1,987.9,,1001.2,,0,,.5,,,,8,8,,3,540,,,25.1,,,,,
98,동두천,2023-06-21 16:00,20.6,,,9,.3,,0,,94,,22.7,19.5,987.7,,1000.9,,0,,.7,,,,9,9,,4,4949,,,25.2,,,,,
98,동두천,2023-06-21 17:00,21.1,,,9,.7,,50,,91,,22.7,19.5,987.3,,1000.5,,0,,.64,,,,9,9,,6,5000,,,25.5,,,,,
98,동두천,2023-06-21 18:00,20.5,,,9,.6,,20,,91,,21.8,18.9,987.6,,1000.8,,0,,.39,,,,8,8,,7,5000,,,24.2,,,,,
98,동두천,2023-06-21 19:00,19.8,,,9,1.9,,340,,90,,20.8,18.1,988.2,,1001.5,,0,,.06,,,,7,7,,5,4995,,,23,,,,,
98,동두천,2023-06-21 20:00,19.2,,,9,.8,,360,,89,,19.7,17.3,988.7,,1001.9,,0,,.06,,,,6,6,,7,5000,,,21.9,,,,,
98,동두천,2023-06-21 21:00,18.2,,,9,.3,,0,,92,,19.1,16.8,989,,1002.3,,,9,,9,,,6,6,,11,4541,,,20.8,,,,,
98,동두천,2023-06-21 22:00,17.9,,,9,.7,,360,,91,,18.6,16.4,989.4,,1002.7,,,9,,9,,,6,6,,9,5000,,,20.2,,,,,
98,동두천,2023-06-21 23:00,17.2,,,9,0,,0,,94,,18.4,16.2,989.6,,1003,,,9,,9,,,6,2,,13,4800,,,19.7,,,,,
98,동두천,2023-06-22 00:00,17.5,,,9,.3,,0,,94,,18.8,16.5,989.6,,1003,,,9,,9,,,6,6,,13,4590,,,20.1,,,,,
98,동두천,2023-06-22 01:00,17.5,,,,.3,,0,,92,,18.3,16.1,989.9,,1003.3,,,9,,9,,,6,6,,12,5000,,,20,,,,,
98,동두천,2023-06-22 02:00,17.2,,,,0,,0,,94,,18.4,16.2,989.8,,1003.2,,,9,,9,,,6,6,,13,2120,,,19.8,,,,,
98,동두천,2023-06-22 03:00,17.2,,,,0,,0,,93,,18.2,16,990,,1003.4,,,9,,9,,,6,6,,10,4920,,,19.7,,,,,
98,동두천,2023-06-22 04:00,17,,,,0,,0,,94,,18.2,16,990.3,,1003.7,,,9,,9,,,7,7,,10,4042,,,19.6,,,,,
98,동두천,2023-06-22 05:00,17.1,,,,0,,0,,94,,18.3,16.1,990.4,,1003.8,,,9,,9,,,8,8,,9,5000,,,19.5,,,,,
98,동두천,2023-06-22 06:00,17.1,,,,.1,,0,,95,,18.4,16.2,990.9,,1004.3,,0,,.01,,,,0,0,,,5000,,,19.7,,,,,
98,동두천,2023-06-22 07:00,17.7,,,,0,,0,,93,,18.8,16.5,990.9,,1004.3,,0,,.23,,,,4,4,,7,4953,,,20.2,,,,,
98,동두천,2023-06-22 08:00,20.1,,,,.1,,0,,77,,18.1,15.9,990.8,,1004.1,,1,,1.3,,,,0,0,,,5000,,,21.2,,,,,
98,동두천,2023-06-22 09:00,22.1,,,,.5,,200,,77,,20.4,17.8,991,,1004.2,,1,,2.04,,,,0,0,,,4982,,,26.1,,,,,
98,동두천,2023-06-22 10:00,22.6,,,,.7,,320,,73,,20,17.5,990.7,,1003.8,,.3,,1.72,,,,8,7,,7,4874,,,28.3,,,,,
98,동두천,2023-06-22 11:00,22.4,,,,2,,270,,79,,21.3,18.5,990.6,,1003.7,,.1,,1.34,,,,9,9,,8,4350,,,27.6,,,,,
98,동두천,2023-06-22 12:00,23.5,,,,1.3,,320,,75,,21.7,18.8,990.3,,1003.3,,.1,,1.62,,,,8,8,,8,4351,,,30.2,,,,,
98,동두천,2023-06-22 13:00,24.6,,,,1.4,,290,,68,,20.9,18.2,989.8,,1002.8,,.3,,2.2,,,,8,8,,9,3984,,,33.2,,,,,
98,동두천,2023-06-22 14:00,24,,,,2.4,,290,,76,,22.7,19.5,989.5,,1002.5,,.3,,1.51,,,,8,8,,9,4655,,,30.5,,,,,
98,동두천,2023-06-22 15:00,23.7,,,,1.9,,290,,76,,22.2,19.2,989.3,,1002.3,,.1,,.83,,,,8,8,,9,4841,,,27.8,,,,,
98,동두천,2023-06-22 16:00,24.5,,.2,,.8,,270,,77,,23.5,20.1,989.2,,1002.2,,.2,,1.02,,,,8,8,,9,4096,,,29.6,,,,,
98,동두천,2023-06-22 17:00,24.7,,,9,2,,270,,80,,24.9,21,989.2,,1002.1,,.4,,1.14,,,,7,7,,7,3828,,,29.5,,,,,
98,동두천,2023-06-22 18:00,23.8,,,9,3,,250,,82,,24.1,20.5,989.4,,1002.4,,.5,,1.1,,,,8,6,,6,3507,,,27.2,,,,,
98,동두천,2023-06-22 19:00,23.2,,,9,1.5,,250,,83,,23.5,20.1,990.1,,1003.2,,.1,,.39,,,,7,1,,13,2766,,,25.1,,,,,
98,동두천,2023-06-22 20:00,19,,5.5,,2.2,,90,,92,,20.1,17.6,990.9,,1004.2,,0,,.16,,,,8,8,,6,324,,,21.6,,,,,
98,동두천,2023-06-22 21:00,19.2,,.3,,.4,,0,,95,,21,18.3,991.5,,1004.8,,,9,,9,,,6,2,,16,1400,,,22.1,,,,,
98,동두천,2023-06-22 22:00,19.1,,,9,.1,,0,,96,,21.2,18.4,992.2,,1005.5,,,9,,9,,,7,7,,23,3128,,,21.7,,,,,
98,동두천,2023-06-22 23:00,18.8,,,9,0,,0,,96,,20.8,18.1,992.7,,1006,,,9,,9,,,6,1,,26,2678,,,20.7,,,,,
98,동두천,2023-06-23 00:00,18.4,,,9,0,,0,,96,,20.2,17.7,993,,1006.3,,,9,,9,,,5,1,,,1885,,,20.2,,,,,
99,파주,2023-06-17 01:00,16.8,,,,0,,0,,95,,18.1,15.9,1011.2,,1014.8,,,9,,9,,,0,0,,,2396,,,19.2,,,,,
99,파주,2023-06-17 02:00,16.2,,,,.5,,180,,97,,17.8,15.7,1011.6,,1015.2,,,9,,9,,,0,0,,,2472,,,18.7,,,,,
99,파주,2023-06-17 03:00,15.3,,,,0,,0,,98,,16.9,14.9,1011.8,,1015.4,,,9,,9,,,0,0,,,1165,,,18,,,,,
99,파주,2023-06-17 04:00,15.3,,,,.1,,0,,98,,16.9,14.9,1012,,1015.6,,,9,,9,,,0,0,,,1079,,,17.7,,,,,
99,파주,2023-06-17 05:00,15.3,,,,0,,0,,100,,17.3,15.2,1011.8,,1015.4,,,9,,9,,,1,0,,,719,,,17.2,,,,,
99,파주,2023-06-17 06:00,15.3,,,,.5,,70,,100,,17.3,15.2,1012.1,,1015.7,,0,,.05,,,,0,0,,,814,,,17.3,,,,,
99,파주,2023-06-17 07:00,17.6,,,,1,,70,,96,,19.2,16.9,1011.9,,1015.5,,.5,,.44,,,,0,0,,,2256,,,18.7,,,,,
99,파주,2023-06-17 08:00,20,,,,.4,,0,,84,,19.6,17.2,1011.8,,1015.4,,1,,1.16,,,,0,0,,,3531,,,20.5,,,,,
99,파주,2023-06-17 09:00,22.2,,,,.5,,200,,75,,20,17.5,1011.4,,1014.9,,1,,1.9,,,,0,0,,,3914,,,23.1,,,,,
99,파주,2023-06-17 10:00,23.7,,,,1.1,,230,,66,,19.2,16.9,1011.1,,1014.6,,1,,2.55,,,,0,0,,,4540,,,29.2,,,,,
99,파주,2023-06-17 11:00,25.2,,,,1.4,,230,,67,,21.4,18.6,1011.1,,1014.6,,1,,3.02,,,,0,0,,,5000,,,34.5,,,,,
99,파주,2023-06-17 12:00,26.3,,,,1.4,,230,,60,,20.5,17.9,1011,,1014.5,,1,,3.29,,,,0,0,,,4341,,,38,,,,,
99,파주,2023-06-17 13:00,27.4,,,,1.5,,290,,50,,18.2,16,1010.4,,1013.9,,1,,3.29,,,,5,0,,,5000,,,39.5,,,,,
99,파주,2023-06-17 14:00,28.2,,,,2,,230,,53,,20.2,17.7,1009.7,,1013.2,,1,,3.26,,,,6,0,,,5000,,,41,,,,,
99,파주,2023-06-17 15:00,28.3,,,,1.8,,230,,51,,19.5,17.1,1009.2,,1012.7,,1,,2.76,,,,2,0,,,5000,,,40.2,,,,,
99,파주,2023-06-17 16:00,27.5,,,,1.8,,250,,54,,19.7,17.3,1008.7,,1012.2,,1,,2.15,,,,6,0,,,4953,,,36.9,,,,,
99,파주,2023-06-17 17:00,26.8,,,,2,,250,,62,,21.8,18.9,1008.4,,1011.9,,.5,,1.34,,,,8,0,,,5000,,,33.9,,,,,
99,파주,2023-06-17 18:00,24.8,,,,1.7,,270,,63,,19.6,17.2,1008.4,,1011.9,,.1,,.81,,,,8,0,,,5000,,,30.3,,,,,
99,파주,2023-06-17 19:00,23.2,,,,1.7,,250,,67,,19,16.7,1008.6,,1012.1,,0,,.32,,,,9,0,,,4897,,,27.3,,,,,
99,파주,2023-06-17 20:00,22,,,,1,,230,,75,,19.7,17.3,1008.2,,1011.7,,0,,.05,,,,9,0,,,4647,,,25.2,,,,,
99,파주,2023-06-17 21:00,21.2,,,,.4,,0,,72,,18.1,15.9,1008.6,,1012.1,,,9,,9,,,8,0,,,5000,,,23.8,,,,,
99,파주,2023-06-17 22:00,20.2,,,,.2,,0,,82,,19.4,17,1008.9,,1012.5,,,9,,9,,,8,0,,,4496,,,23,,,,,
99,파주,2023-06-17 23:00,19.7,,,,.3,,0,,88,,20.1,17.6,1008.8,,1012.3,,,9,,9,,,10,0,,,3789,,,22.3,,,,,
99,파주,2023-06-18 00:00,19.4,,,,.2,,0,,92,,20.6,18,1008.4,,1012,,,9,,9,,,10,2,,72,2778,,,21.8,,,,,
99,파주,2023-06-18 01:00,19.1,,,,0,,0,,93,,20.5,17.9,1008.1,,1011.7,,,9,,9,,,10,7,,74,2502,,,21.4,,,,,
99,파주,2023-06-18 02:00,19.2,,,,.4,,0,,92,,20.4,17.8,1007.8,,1011.4,,,9,,9,,,9,9,,70,2552,,,21.1,,,,,
99,파주,2023-06-18 03:00,18.5,,,,.5,,160,,94,,20,17.5,1007.4,,1011,,,9,,9,,,9,7,,69,2160,,,20.6,,,,,
99,파주,2023-06-18 04:00,17.7,,,,0,,0,,96,,19.4,17,1007,,1010.6,,,9,,9,,,9,1,,72,1510,,,20.2,,,,,
99,파주,2023-06-18 05:00,17.7,,,,0,,0,,97,,19.6,17.2,1006.9,,1010.5,,,9,,9,,,7,5,,70,1380,,,19.7,,,,,
99,파주,2023-06-18 06:00,17.8,,,,0,,0,,98,,19.9,17.4,1006.7,,1010.3,,0,,.06,,,,7,0,,,973,,,20,,,,,
99,파주,2023-06-18 07:00,19.2,,,,0,,0,,95,,21,18.3,1006.6,,1010.1,,0,,.36,,,,6,0,,,1502,,,21,,,,,
99,파주,2023-06-18 08:00,20.9,,,,0,,0,,89,,22,19,1006.6,,1010.1,,0,,.76,,,,7,1,,73,1856,,,22.8,,,,,
99,파주,2023-06-18 09:00,22,,,,1.1,,20,,79,,20.8,18.1,1006.3,,1009.8,,.6,,1.35,,,,8,3,,70,3148,,,24.6,,,,,
99,파주,2023-06-18 10:00,24.8,,,,1.8,,20,,67,,20.9,18.2,1005.8,,1009.3,,.9,,2.39,,,,7,0,,,5000,,,30.4,,,,,
99,파주,2023-06-18 11:00,25.2,,,,1.3,,20,,65,,20.8,18.1,1005.5,,1009,,.9,,2.36,,,,7,0,,,5000,,,32.8,,,,,
99,파주,2023-06-18 12:00,26.5,,,,1.4,,90,,58,,20,17.5,1005,,1008.5,,1,,3.36,,,,6,0,,,5000,,,38.7,,,,,
99,파주,2023-06-18 13:00,27.4,,,,1.5,,50,,61,,22.2,19.2,1004.6,,1008.1,,1,,3.45,,,,0,0,,,5000,,,41.2,,,,,
99,파주,2023-06-18 14:00,28.2,,,,1.4,,20,,56,,21.3,18.5,1003.6,,1007,,1,,3.37,,,,0,0,,,4910,,,42.5,,,,,
99,파주,2023-06-18 15:00,29.2,,,,1.3,,320,,57,,22.9,19.7,1003,,1006.4,,1,,2.81,,,,0,0,,,5000,,,42.1,,,,,
99,파주,2023-06-18 16:00,30.4,,,,.7,,340,,56,,24.3,20.6,1002.6,,1006,,1,,2.56,,,,0,0,,,5000,,,41.4,,,,,
99,파주,2023-06-18 17:00,30.6,,,,.9,,270,,56,,24.6,20.8,1002.4,,1005.8,,1,,1.98,,,,0,0,,,5000,,,39.3,,,,,
99,파주,2023-06-18 18:00,28.2,,,,1.6,,250,,66,,25.2,21.2,1002.5,,1005.9,,1,,1.24,,,,0,0,,,3651,,,35,,,,,
99,파주,2023-06-18 19:00,26,,,,1.7,,230,,70,,23.4,20,1002.7,,1006.2,,.9,,.57,,,,1,0,,,3984,,,30.5,,,,,
99,파주,2023-06-18 20:00,23.7,,,,.5,,290,,75,,21.8,18.9,1003,,1006.5,,0,,.09,,,,6,0,,,4255,,,27.5,,,,,
99,파주,2023-06-18 21:00,22.3,,,,.2,,0,,77,,20.6,18,1003.4,,1006.9,,,9,,9,,,1,0,,,4216,,,25.5,,,,,
99,파주,2023-06-18 22:00,20.7,,,,0,,0,,83,,20.2,17.7,1004.1,,1007.6,,,9,,9,,,0,0,,,3651,,,24.2,,,,,
99,파주,2023-06-18 23:00,20.5,,,,.6,,140,,90,,21.6,18.7,1004.1,,1007.6,,,9,,9,,,0,0,,,2639,,,23.3,,,,,
99,파주,2023-06-19 00:00,19.8,,,,.6,,160,,89,,20.5,17.9,1004.2,,1007.7,,,9,,9,,,0,0,,,2731,,,22.5,,,,,
99,파주,2023-06-19 01:00,19.7,,,,0,,0,,91,,20.8,18.1,1004.6,,1008.1,,,9,,9,,,0,0,,,2380,,,21.8,,,,,
99,파주,2023-06-19 02:00,19.1,,,,.1,,0,,94,,20.8,18.1,1003.8,,1007.3,,,9,,9,,,0,0,,,1776,,,21.3,,,,,
99,파주,2023-06-19 03:00,19.2,,,,.5,,90,,97,,21.6,18.7,1003.4,,1006.9,,,9,,9,,,0,0,,,1291,,,21,,,,,
99,파주,2023-06-19 04:00,19.7,,,,.4,,0,,97,,22.2,19.2,1003.6,,1007.1,,,9,,9,,,0,0,,,1077,,,20.7,,,,,
99,파주,2023-06-19 05:00,19.6,,,,.3,,0,,96,,21.8,18.9,1003.6,,1007.1,,,9,,9,,,0,0,,,907,,,20.3,,,,,
99,파주,2023-06-19 06:00,20.1,,,,.8,,50,,91,,21.3,18.5,1004.1,,1007.7,,0,,.05,,,,0,0,,,1267,,,20.6,,,,,
99,파주,2023-06-19 07:00,21.6,,,,2.7,,50,,83,,21.3,18.5,1004.2,,1007.7,,.5,,.41,,,,0,0,,,2416,,,21.3,,,,,
99,파주,2023-06-19 08:00,23.4,,,,2.5,,50,,79,,22.7,19.5,1004.8,,1008.3,,1,,1.09,,,,0,0,,,2336,,,23,,,,,
99,파주,2023-06-19 09:00,25.5,,,,1.3,,70,,73,,23.7,20.2,1004.7,,1008.2,,1,,1.81,,,,0,0,,,2534,,,25.3,,,,,
99,파주,2023-06-19 10:00,27.5,,,,1.1,,50,,69,,25.2,21.2,1004.5,,1008,,1,,2.44,,,,2,0,,,2635,,,31.8,,,,,
99,파주,2023-06-19 11:00,29,,,,1.5,,70,,63,,25.2,21.2,1004,,1007.4,,1,,2.87,,,,5,0,,,2688,,,37.1,,,,,
99,파주,2023-06-19 12:00,30.2,,,,2.1,,360,,64,,27.4,22.6,1003.6,,1007,,1,,3.17,,,,6,0,,,2836,,,40.2,,,,,
99,파주,2023-06-19 13:00,31.1,,,,1.1,,360,,58,,26.1,21.8,1003.1,,1006.5,,1,,3.18,,,,7,0,,,2714,,,41.9,,,,,
99,파주,2023-06-19 14:00,31.5,,,,1.4,,360,,56,,25.8,21.6,1002.4,,1005.8,,1,,3.24,,,,6,0,,,3061,,,43.5,,,,,
99,파주,2023-06-19 15:00,31.3,,,,1.6,,20,,59,,26.9,22.3,1001.6,,1005,,1,,2.3,,,,7,1,,68,2896,,,40.8,,,,,
99,파주,2023-06-19 16:00,31.2,,,,1.6,,20,,65,,29.5,23.8,1001.3,,1004.7,,.3,,1.45,,,,9,0,,,2692,,,38,,,,,
99,파주,2023-06-19 17:00,31.2,,,,1.3,,20,,61,,27.6,22.7,1001.2,,1004.6,,.8,,1.61,,,,7,0,,,2885,,,37.2,,,,,
99,파주,2023-06-19 18:00,28.7,,,,.7,,50,,78,,30.6,24.4,1001.5,,1004.9,,.6,,.89,,,,6,0,,,2178,,,33.5,,,,,
99,파주,2023-06-19 19:00,28.9,,,,.7,,270,,72,,28.6,23.3,1002,,1005.4,,.1,,.4,,,,7,0,,,2251,,,31.2,,,,,
99,파주,2023-06-19 20:00,27.5,,,,1.4,,290,,71,,26,21.7,1002.2,,1005.6,,0,,.06,,,,8,0,,,2073,,,28.5,,,,,
99,파주,2023-06-19 21:00,25.2,,,,.4,,0,,77,,24.6,20.8,1002.5,,1006,,,9,,9,,,4,0,,,2323,,,26.8,,,,,
99,파주,2023-06-19 22:00,24.2,,,,.5,,230,,78,,23.5,20.1,1003.1,,1006.6,,,9,,9,,,6,0,,,2379,,,25.7,,,,,
99,파주,2023-06-19 23:00,24.2,,,,1,,160,,76,,22.8,19.6,1003.2,,1006.7,,,9,,9,,,7,6,,18,2358,,,25.3,,,,,
99,파주,2023-06-20 00:00,23.3,,,,.4,,0,,82,,23.4,20,1003.4,,1006.9,,,9,,9,,,6,3,,18,1769,,,24.8,,,,,
99,파주,2023-06-20 01:00,22.7,,,,.9,,160,,83,,22.8,19.6,1003.1,,1006.6,,,9,,9,,,8,1,,18,1477,,,24.2,,,,,
99,파주,2023-06-20 02:00,22.2,,,,.1,,0,,84,,22.4,19.3,1002.3,,1005.8,,,9,,9,,,10,9,,65,1658,,,23.7,,,,,
99,파주,2023-06-20 03:00,21.5,,,,0,,0,,89,,22.8,19.6,1002.2,,1005.7,,,9,,9,,,9,9,,59,1283,,,23.2,,,,,
99,파주,2023-06-20 04:00,21.6,,,,.5,,90,,93,,24,20.4,1002.3,,1005.8,,,9,,9,,,6,6,,57,976,,,23,,,,,
99,파주,2023-06-20 05:00,21.3,,,,.4,,0,,95,,24,20.4,1002.8,,1006.3,,,9,,9,,,10,10,,57,765,,,22.7,,,,,
99,파주,2023-06-20 06:00,21.2,,,,.7,,70,,95,,23.8,20.3,1002.8,,1006.3,,0,,.02,,,,10,9,,57,673,,,22.8,,,,,
99,파주,2023-06-20 07:00,21.7,,,,2.6,,50,,90,,23.2,19.9,1002.6,,1006.1,,0,,.18,,,,10,9,,57,1531,,,23.1,,,,,
99,파주,2023-06-20 08:00,21.7,,,,1.9,,50,,91,,23.5,20.1,1002.8,,1006.3,,0,,.16,,,,10,7,,18,1575,,,23.2,,,,,
99,파주,2023-06-20 09:00,22.2,,,,1.5,,50,,90,,24,20.4,1002.7,,1006.2,,0,,.2,,,,10,9,,18,1671,,,23.6,,,,,
99,파주,2023-06-20 10:00,23.2,,,,.3,,0,,86,,24.4,20.7,1003,,1006.5,,0,,.43,,,,10,1,,18,1711,,,25.1,,,,,
99,파주,2023-06-20 11:00,23.5,,,,.1,,0,,85,,24.6,20.8,1003.2,,1006.7,,0,,.57,,,,10,2,,21,1338,,,25.6,,,,,
99,파주,2023-06-20 12:00,24,,,,1.7,,160,,87,,25.8,21.6,1002.5,,1006,,0,,.34,,,,10,0,,,1016,,,25.1,,,,,
99,파주,2023-06-20 13:00,23.9,,0,,1.5,,90,,83,,24.6,20.8,1001.7,,1005.2,,0,,.39,,,,10,1,,19,1317,,,25.7,,,,,
99,파주,2023-06-20 14:00,24.1,,.1,,1.4,,160,,78,,23.4,20,1001.7,,1005.2,,0,,.78,,,,10,4,,9,3037,,,27.3,,,,,
99,파주,2023-06-20 15:00,24.3,,,9,1.1,,160,,71,,21.4,18.6,1000.8,,1004.3,,0,,.89,,,,10,5,,39,3084,,,27.2,,,,,
99,파주,2023-06-20 16:00,24.3,,,9,.6,,320,,71,,21.4,18.6,1001,,1004.5,,0,,.66,,,,10,6,,34,3292,,,26.6,,,,,
99,파주,2023-06-20 17:00,24.1,,,9,1.2,,360,,83,,24.9,21,1000.6,,1004.1,,0,,.65,,,,10,4,,52,2611,,,26.6,,,,,
99,파주,2023-06-20 18:00,24.3,,,9,1,,70,,81,,24.6,20.8,1000.3,,1003.8,,0,,.58,,,,10,7,,41,2308,,,26.4,,,,,
99,파주,2023-06-20 19:00,23.7,,,9,1.3,,50,,80,,23.4,20,1000.3,,1003.8,,0,,.36,,,,10,7,,45,2571,,,25.2,,,,,
99,파주,2023-06-20 20:00,22.5,,,9,.6,,50,,88,,24,20.4,1000.1,,1003.6,,0,,.1,,,,6,6,,41,2095,,,23.5,,,,,
99,파주,2023-06-20 21:00,21.7,,0,,1.5,,50,,94,,24.3,20.6,999.8,,1003.3,,,9,,9,,,6,6,,18,1299,,,23.2,,,,,
99,파주,2023-06-20 22:00,21.6,,0,,0,,0,,95,,24.4,20.7,1000.6,,1004.1,,,9,,9,,,10,9,,17,806,,,23.1,,,,,
99,파주,2023-06-20 23:00,21.3,,.8,,.6,,320,,98,,24.7,20.9,1000.5,,1004,,,9,,9,,,10,9,,14,357,,,22.6,,,,,
99,파주,2023-06-21 00:00,19.6,,5.7,,.3,,0,,99,,22.5,19.4,1001.1,,1004.6,,,9,,9,,,10,9,,2,173,,,21.3,,,,,
99,파주,2023-06-21 01:00,19.1,,4.9,,1.3,,70,,99,,21.8,18.9,1000.2,,1003.7,,,9,,9,,,10,9,,3,356,,,21.2,,,,,
99,파주,2023-06-21 02:00,18.8,,3.5,,1.3,,20,,100,,21.6,18.7,999.2,,1002.7,,,9,,9,,,10,9,,5,178,,,20.8,,,,,
99,파주,2023-06-21 03:00,19.1,,3.6,,1,,20,,100,,22,19,999.2,,1002.7,,,9,,9,,,9,9,,2,220,,,20.7,,,,,
99,파주,2023-06-21 04:00,18.7,,1.3,,2.1,,70,,100,,21.4,18.6,998.6,,1002.1,,,9,,9,,,8,8,,,355,,,20.6,,,,,
99,파주,2023-06-21 05:00,18.8,,.2,,.3,,0,,100,,21.6,18.7,998.9,,1002.4,,,9,,9,,,9,9,,1,324,,,20.7,,,,,
99,파주,2023-06-21 06:00,18.7,,.4,,1.2,,50,,100,,21.4,18.6,999,,1002.5,,0,,0,,,,10,9,,,355,,,20.7,,,,,
99,파주,2023-06-21 07:00,18.7,,.3,,1.3,,360,,100,,21.4,18.6,999.3,,1002.8,,0,,.08,,,,7,6,,1,452,,,20.8,,,,,
99,파주,2023-06-21 08:00,18.5,,.1,,1.1,,50,,100,,21.2,18.4,999.1,,1002.6,,0,,.1,,,,6,6,,1,180,,,21,,,,,
99,파주,2023-06-21 09:00,18.7,,.3,,1.7,,50,,100,,21.4,18.6,999.1,,1002.6,,0,,.28,,,,1,1,,1,311,,,21.7,,,,,
99,파주,2023-06-21 10:00,19,,.2,,1.4,,20,,100,,21.8,18.9,998.8,,1002.3,,0,,.38,,,,8,0,,,280,,,22.2,,,,,
99,파주,2023-06-21 11:00,19.2,,.1,,1.9,,20,,100,,22.1,19.1,998.8,,1002.3,,0,,.52,,,,9,1,,3,445,,,22.8,,,,,
99,파주,2023-06-21 12:00,19.7,,.1,,2.5,,20,,98,,22.4,19.3,998.7,,1002.2,,0,,.8,,,,9,9,,2,1980,,,24.2,,,,,
99,파주,2023-06-21 13:00,20.3,,,9,1.7,,50,,96,,22.8,19.6,998.4,,1001.9,,0,,.88,,,,9,9,,2,1930,,,24.7,,,,,
99,파주,2023-06-21 14:00,20.5,,,9,2.1,,20,,94,,22.5,19.4,998.5,,1002,,0,,.89,,,,9,9,,2,5000,,,24.7,,,,,
99,파주,2023-06-21 15:00,21.2,,,9,1.4,,50,,91,,22.8,19.6,998.3,,1001.8,,0,,.9,,,,9,9,,2,5000,,,25.5,,,,,
99,파주,2023-06-21 16:00,22.3,,,9,1.3,,70,,87,,23.4,20,998,,1001.5,,0,,1.18,,,,9,9,,4,5000,,,26.7,,,,,
99,파주,2023-06-21 17:00,21.5,,,9,1.3,,360,,89,,22.8,19.6,997.9,,1001.4,,0,,.7,,,,8,8,,7,5000,,,24.7,,,,,
99,파주,2023-06-21 18:00,20.7,,0,,1.5,,20,,89,,21.7,18.8,998.2,,1001.7,,0,,.19,,,,8,8,,7,5000,,,23.2,,,,,
99,파주,2023-06-21 19:00,21,,,9,1.4,,50,,88,,21.8,18.9,998.5,,1002,,0,,.23,,,,7,7,,9,5000,,,23.1,,,,,
99,파주,2023-06-21 20:00,19.9,,,9,1.1,,50,,86,,19.9,17.4,999,,1002.5,,0,,.06,,,,3,3,,9,5000,,,21.7,,,,,
99,파주,2023-06-21 21:00,17.8,,,9,1,,50,,96,,19.5,17.1,999.5,,1003.1,,,9,,9,,,6,6,,10,5000,,,20.6,,,,,
99,파주,2023-06-21 22:00,17.5,,,9,1.1,,20,,94,,18.8,16.5,999.8,,1003.4,,,9,,9,,,6,5,,11,5000,,,19.8,,,,,
99,파주,2023-06-21 23:00,17.9,,,9,.5,,360,,90,,18.4,16.2,1000.1,,1003.7,,,9,,9,,,2,2,,11,5000,,,20,,,,,
99,파주,2023-06-22 00:00,17,,,9,.9,,70,,97,,18.8,16.5,1000,,1003.6,,,9,,9,,,1,1,,,5000,,,19.7,,,,,
99,파주,2023-06-22 01:00,17.4,,,,.5,,70,,96,,19,16.7,1000.3,,1003.9,,,9,,9,,,6,6,,11,5000,,,19.8,,,,,
99,파주,2023-06-22 02:00,17.6,,,,1.1,,50,,95,,19,16.7,1000.2,,1003.8,,,9,,9,,,7,7,,10,5000,,,19.7,,,,,
99,파주,2023-06-22 03:00,17.3,,,,.3,,0,,97,,19.1,16.8,1000.5,,1004.1,,,9,,9,,,7,7,,10,4917,,,19.6,,,,,
99,파주,2023-06-22 04:00,16.8,,,,0,,0,,97,,18.5,16.3,1000.6,,1004.2,,,9,,9,,,7,7,,10,4607,,,19.3,,,,,
99,파주,2023-06-22 05:00,16.9,,,,.1,,0,,99,,19,16.7,1001,,1004.6,,,9,,9,,,7,7,,20,3986,,,19.3,,,,,
99,파주,2023-06-22 06:00,17.2,,,,.2,,0,,99,,19.4,17,1001.2,,1004.8,,0,,.02,,,,0,0,,,4761,,,19.6,,,,,
99,파주,2023-06-22 07:00,18.8,,,,.4,,0,,88,,19,16.7,1001.2,,1004.7,,.4,,.46,,,,5,5,,23,5000,,,19.7,,,,,
99,파주,2023-06-22 08:00,20.7,,,,.4,,0,,78,,19,16.7,1001.2,,1004.7,,1,,1.25,,,,0,0,,,5000,,,20.5,,,,,
99,파주,2023-06-22 09:00,21.7,,,,1.3,,270,,76,,19.6,17.2,1001.6,,1005.1,,1,,1.97,,,,0,0,,,5000,,,22.2,,,,,
99,파주,2023-06-22 10:00,23.1,,,,1.7,,230,,74,,20.9,18.2,1001.1,,1004.6,,.9,,2.46,,,,8,6,,7,4381,,,29,,,,,
99,파주,2023-06-22 11:00,24.1,,,,1.1,,320,,72,,21.6,18.7,1000.8,,1004.3,,.2,,1.86,,,,8,8,,7,4202,,,29.7,,,,,
99,파주,2023-06-22 12:00,25.1,,,,1.6,,270,,71,,22.5,19.4,1000.6,,1004.1,,.2,,1.66,,,,8,7,,8,5000,,,31.1,,,,,
99,파주,2023-06-22 13:00,25.5,,,,1.8,,270,,69,,22.4,19.3,1000.1,,1003.6,,.4,,2.52,,,,7,7,,9,5000,,,31.7,,,,,
99,파주,2023-06-22 14:00,26.3,,,,3.1,,290,,65,,22.1,19.1,999.9,,1003.4,,.5,,2.95,,,,8,7,,9,5000,,,34.7,,,,,
99,파주,2023-06-22 15:00,24.9,,,,2.5,,270,,76,,23.8,20.3,999.7,,1003.1,,.2,,1.73,,,,9,9,,10,5000,,,29.4,,,,,
99,파주,2023-06-22 16:00,24.8,,,,2,,270,,74,,23.1,19.8,999.7,,1003.1,,.5,,2.35,,,,7,3,,8,4052,,,30.6,,,,,
99,파주,2023-06-22 17:00,22.5,,.4,,1.8,,250,,90,,24.4,20.7,999.6,,1003.1,,0,,.35,,,,6,6,,13,1554,,,26.4,,,,,
99,파주,2023-06-22 18:00,24.5,,0,,1.9,,230,,82,,25.2,21.2,999.6,,1003.1,,.2,,.67,,,,7,7,,9,3167,,,28.2,,,,,
99,파주,2023-06-22 19:00,23.2,,,9,1.1,,200,,83,,23.5,20.1,1000.2,,1003.7,,1,,.86,,,,7,1,,10,2635,,,26,,,,,
99,파주,2023-06-22 20:00,21.8,,,9,1,,180,,92,,24,20.4,1000.7,,1004.2,,.1,,.13,,,,7,0,,,1581,,,23.8,,,,,
99,파주,2023-06-22 21:00,21.9,,,9,1.5,,180,,89,,23.2,19.9,1001.5,,1005,,,9,,9,,,8,8,,5,1610,,,23.2,,,,,
99,파주,2023-06-22 22:00,20.5,,,9,0,,0,,94,,22.5,19.4,1002.4,,1005.9,,,9,,9,,,8,1,,17,1039,,,22.2,,,,,
99,파주,2023-06-22 23:00,19.7,,,9,.1,,0,,99,,22.7,19.5,1002.9,,1006.4,,,9,,9,,,6,0,,,450,,,21.3,,,,,
99,파주,2023-06-23 00:00,19.2,,,9,0,,0,,99,,22,19,1003.2,,1006.7,,,9,,9,,,3,0,,,256,,,20.7,,,,,
108,서울,2023-06-17 01:00,20.8,,,,2.1,,270,,68,,16.6,14.6,1003.8,,1013.7,,,9,,9,,,0,0,,,2000,,,18.4,,24.1,24.4,24.1,23.8
108,서울,2023-06-17 02:00,20.2,,,,1.8,,270,,70,,16.5,14.5,1004,,1014,,,9,,9,,,0,0,,,2000,,,17.9,,23.7,24,23.9,23.7
108,서울,2023-06-17 03:00,20,,,,1.8,,290,,72,,16.7,14.7,1004.1,,1014.1,,,9,,9,,,0,0,,,2000,,,17.6,,23.4,23.6,23.7,23.6
108,서울,2023-06-17 04:00,19.8,,,,1.9,,290,,73,,16.8,14.8,1004.4,,1014.4,,,9,,9,,,0,0,,,2000,,,17.3,,23,23.3,23.4,23.5
108,서울,2023-06-17 05:00,19.1,,,,1.1,,360,,76,,16.7,14.7,1004.2,,1014.1,,,9,,9,,,0,0,,,2000,,,16.9,,22.7,23,23.2,23.4
108,서울,2023-06-17 06:00,18.9,,,,1,,290,,75,,16.3,14.3,1004.3,,1014.3,,0,,.05,,,,0,0,,,2000,,,17.2,,22.4,22.8,23,23.3
108,서울,2023-06-17 07:00,20.3,,,,.7,,50,,72,,17,15,1004.2,,1014.2,,1,,.53,,,,0,0,,,2000,,,19.5,,22.2,22.5,22.7,23.1
108,서울,2023-06-17 08:00,22,,,,.4,,0,,64,,16.8,14.8,1004,,1013.9,,1,,1.26,,,,1,0,Ci,,2000,,,25.5,,22.4,22.4,22.6,23
108,서울,2023-06-17 09:00,24.2,,,,2,,180,,56,,16.8,14.8,1003.8,,1013.5,,1,,1.97,,,,0,0,,,2000,,,31,,22.9,22.7,22.4,22.9
108,서울,2023-06-17 10:00,25.5,,,,2,,290,,52,,16.9,14.9,1003.3,,1013.1,,1,,2.63,,,,1,0,Ci,,2000,,,36.8,,23.6,23.1,22.4,22.8
108,서울,2023-06-17 11:00,26.8,,,,2.9,,290,,46,,16.2,14.2,1003.4,,1013.1,,1,,3.09,,,,1,0,Ci,,2000,,,40.2,,24.5,23.8,22.5,22.6
108,서울,2023-06-17 12:00,28,,,,2.5,,230,,44,,16.6,14.6,1003.3,,1013,,1,,3.39,,,,2,0,Ci,,2000,,,43,,25.4,24.5,22.7,22.6
108,서울,2023-06-17 13:00,28.8,,,,2.4,,270,,41,,16.2,14.2,1002.6,,1012.2,,1,,3.35,,,,7,0,Ci,,2000,,,43.9,,26.5,25.3,23,22.6
108,서울,2023-06-17 14:00,29.5,,,,2.4,,270,,43,,17.6,15.5,1002,,1011.6,,1,,3.28,,,,6,0,Ci,,2000,,,44.4,,27.2,26,23.4,22.7
108,서울,2023-06-17 15:00,29.9,,,,2.9,,290,,42,,17.6,15.5,1001.5,,1011.1,,1,,3.01,,,,3,0,Ci,,2000,,,43.3,,27.8,26.5,23.8,22.9
108,서울,2023-06-17 16:00,29.6,,,,2.8,,250,,48,,19.9,17.4,1001.2,,1010.8,,1,,2.27,,,,8,0,Ci,,2000,,,38.9,,28.1,27,24.2,23
108,서울,2023-06-17 17:00,28.6,,,,3.1,,270,,45,,17.5,15.4,1001,,1010.6,,.7,,1.44,,,,10,0,Cs,,2000,,,34.3,,28.2,27.2,24.6,23.3
108,서울,2023-06-17 18:00,27,,,,3.5,,290,,43,,15.3,13.3,1001,,1010.7,,.1,,.77,,,,10,0,Cs,,2000,,,30.1,,27.9,27.2,24.9,23.5
108,서울,2023-06-17 19:00,25.2,,,,2.5,,270,,45,,14.4,12.4,1001,,1010.8,,0,,.31,,,,9,1,,,2000,,,26.3,,27.4,27,25.1,23.7
108,서울,2023-06-17 20:00,23.9,,,,2.8,,270,,50,,14.8,12.8,1000.8,,1010.5,,0,,.05,,,,10,1,,,2000,,,23.8,,26.8,26.6,25.2,23.9
108,서울,2023-06-17 21:00,23.5,,,,2.7,,230,,60,,17.3,15.2,1001,,1010.8,,,9,,9,,,10,0,Cs,,2000,,,22.8,,26.2,26.2,25.1,24
108,서울,2023-06-17 22:00,23.1,,,,1.6,,230,,63,,17.7,15.6,1001.5,,1011.3,,,9,,9,,,10,8,,69,2000,,,22.2,,25.8,25.8,25,24.1
108,서울,2023-06-17 23:00,22.7,,,,1.8,,230,,63,,17.3,15.2,1001.3,,1011.1,,,9,,9,,,10,9,,68,2000,,,21.6,,25.4,25.4,24.8,24.1
108,서울,2023-06-18 00:00,22.3,,,,2,,270,,65,,17.4,15.3,1000.9,,1010.7,,,9,,9,,,10,0,Cs,,2000,,,21.1,,25,25.1,24.6,24.1
108,서울,2023-06-18 01:00,21.9,,,,2.4,,250,,66,,17.3,15.2,1000.5,,1010.3,,,9,,9,,,9,9,,68,2000,,,20.6,,24.7,24.8,24.4,24.1
108,서울,2023-06-18 02:00,21.7,,,,2.2,,290,,68,,17.6,15.5,1000.2,,1010,,,9,,9,,,10,10,,64,2000,,,20.3,,24.4,24.5,24.2,24
108,서울,2023-06-18 03:00,21.3,,,,2.2,,270,,74,,18.6,16.4,999.8,,1009.7,,,9,,9,,,10,0,Cs,,2000,,,20.1,,24.1,24.3,24.1,23.9
108,서울,2023-06-18 04:00,21.2,,,,1.6,,270,,77,,19.2,16.9,999.5,,1009.4,,,9,,9,,,10,0,Cs,,2000,,,20,,23.9,24,23.9,23.8
108,서울,2023-06-18 05:00,21,,,,1.9,,290,,79,,19.6,17.2,999.3,,1009.2,,,9,,9,,,9,0,Ci,,2000,,,19.7,,23.7,23.8,23.7,23.8
108,서울,2023-06-18 06:00,20.8,,,,.2,,0,,77,,18.9,16.6,999.1,,1009,,0,,.04,,,,7,0,Ci,,2000,,,19.9,,23.5,23.6,23.5,23.7
108,서울,2023-06-18 07:00,21.3,,,,.8,,360,,75,,18.9,16.6,999,,1008.9,,.3,,.37,,,,4,0,Ci,,2000,,,21.5,,23.3,23.5,23.4,23.6
108,서울,2023-06-18 08:00,22.8,,,,.6,,320,,72,,19.9,17.4,999,,1008.8,,.7,,.92,,,,7,0,Ci,,2000,,,26.4,,23.4,23.4,23.2,23.5
108,서울,2023-06-18 09:00,24.9,,,,.6,,180,,62,,19.5,17.1,998.4,,1008.1,,1,,1.9,,,,7,0,Ci,,2000,,,31.3,,23.9,23.6,23.1,23.3
108,서울,2023-06-18 10:00,25.9,,,,2.3,,290,,56,,18.6,16.4,998.1,,1007.8,,1,,2.26,,,,7,0,Ci,,2000,,,36.2,,24.5,24,23.1,23.3
108,서울,2023-06-18 11:00,27.4,,,,2.5,,270,,52,,18.9,16.6,997.6,,1007.2,,1,,2.94,,,,6,0,Ci,,2000,,,42.8,,25.2,24.5,23.2,23.2
108,서울,2023-06-18 12:00,28.9,,,,2.3,,180,,46,,18.3,16.1,997.2,,1006.8,,1,,3.43,,,,3,0,Ci,,2000,,,47.6,,26.1,25.2,23.4,23.1
108,서울,2023-06-18 13:00,29.7,,,,2.7,,200,,46,,19.1,16.8,996.7,,1006.2,,1,,3.48,,,,3,0,Ci,,2000,,,49.3,,27.2,26,23.7,23.2
108,서울,2023-06-18 14:00,31,,,,2,,320,,47,,21,18.3,995.9,,1005.4,,1,,3.45,,,,0,0,,,2000,,,51.9,,28.1,26.8,24.1,23.3
108,서울,2023-06-18 15:00,31.7,,,,3.3,,180,,45,,21,18.3,995.3,,1004.8,,1,,3.18,,,,0,0,,,2000,,,51,,28.9,27.5,24.5,23.4
108,서울,2023-06-18 16:00,32.2,,,,2.6,,270,,44,,21,18.3,994.9,,1004.4,,1,,2.69,,,,0,0,,,2000,,,48.3,,29.4,28,25,23.6
108,서울,2023-06-18 17:00,31.4,,,,3.3,,270,,49,,22.4,19.3,994.9,,1004.4,,1,,2.05,,,,0,0,,,2000,,,43,,29.6,28.3,25.4,23.8
108,서울,2023-06-18 18:00,30,,,,3.7,,250,,54,,22.8,19.6,995.1,,1004.6,,1,,1.35,,,,0,0,,,2000,,,36.1,,29.4,28.4,25.7,24.1
108,서울,2023-06-18 19:00,28.7,,,,2.6,,250,,56,,22,19,995.3,,1004.8,,1,,.6,,,,0,0,,,2000,,,29.4,,29,28.3,25.9,24.3
108,서울,2023-06-18 20:00,26.8,,,,2.6,,270,,59,,20.8,18.1,995.4,,1005,,.3,,.13,,,,0,0,,,2000,,,25.4,,28.5,28,26.1,24.5
108,서울,2023-06-18 21:00,25.7,,,,2.8,,250,,61,,20.1,17.6,995.9,,1005.6,,,9,,9,,,0,0,,,2000,,,23.8,,27.8,27.6,26.1,24.7
108,서울,2023-06-18 22:00,25,,,,2.6,,250,,62,,19.6,17.2,996.5,,1006.2,,,9,,9,,,0,0,,,2000,,,23,,27.3,27.2,26,24.8
108,서울,2023-06-18 23:00,24.6,,,,2.1,,270,,65,,20,17.5,996.6,,1006.3,,,9,,9,,,1,0,,,2000,,,22.5,,26.8,26.8,25.8,24.9
108,서울,2023-06-19 00:00,24.2,,,,2,,270,,65,,19.5,17.1,996.6,,1006.3,,,9,,9,,,0,0,,,2000,,,21.8,,26.4,26.4,25.6,24.9
108,서울,2023-06-19 01:00,23.8,,,,2,,270,,67,,19.6,17.2,996.4,,1006.1,,,9,,9,,,0,0,,,2000,,,21.4,,26,26.1,25.4,24.9
108,서울,2023-06-19 02:00,23.9,,,,1,,70,,67,,19.7,17.3,996.3,,1006,,,9,,9,,,0,0,,,2000,,,21.2,,25.6,25.8,25.2,24.8
108,서울,2023-06-19 03:00,23.5,,,,2.4,,50,,76,,22,19,996.2,,1005.9,,,9,,9,,,0,0,,,2000,,,21,,25.3,25.5,25,24.7
108,서울,2023-06-19 04:00,23.3,,,,2,,50,,79,,22.5,19.4,995.9,,1005.6,,,9,,9,,,0,0,,,2000,,,20.7,,25.1,25.2,24.8,24.6
108,서울,2023-06-19 05:00,23.6,,,,2.6,,50,,75,,21.8,18.9,996.1,,1005.8,,,9,,9,,,0,0,,,2000,,,20.8,,24.8,25,24.6,24.5
108,서울,2023-06-19 06:00,23.5,,,,1.4,,50,,75,,21.7,18.8,996.5,,1006.2,,0,,.05,,,,0,0,,,2000,,,21.5,,24.7,24.8,24.5,24.4
108,서울,2023-06-19 07:00,24.6,,,,2.2,,50,,70,,21.6,18.7,996.6,,1006.3,,.9,,.44,,,,0,0,,,2000,,,25.8,,24.6,24.6,24.3,24.3
108,서울,2023-06-19 08:00,26.5,,,,2.4,,50,,62,,21.4,18.6,997,,1006.7,,1,,1.13,,,,0,0,,,2000,,,32.9,,24.7,24.6,24.2,24.2
108,서울,2023-06-19 09:00,28.3,,,,2.2,,50,,55,,21,18.3,997.2,,1006.8,,1,,1.82,,,,0,0,,,2000,,,33.5,,25,24.8,24.1,24.1
108,서울,2023-06-19 10:00,29.8,,,,1.5,,110,,52,,21.7,18.8,997,,1006.6,,1,,2.49,,,,3,0,Ci,,2000,,,41.9,,25.6,25.2,24.1,24
108,서울,2023-06-19 11:00,31,,,,1.8,,90,,51,,22.8,19.6,996.6,,1006.1,,1,,2.83,,,,4,0,Ci,,2000,,,46.5,,26.5,25.7,24.2,24
108,서울,2023-06-19 12:00,31.9,,,,1.7,,110,,48,,22.7,19.5,996.1,,1005.6,,1,,3.04,,,,6,0,Ci,,2000,,,51.7,,27.3,26.4,24.4,24
108,서울,2023-06-19 13:00,32.9,,,,1.9,,70,,46,,22.9,19.7,995.5,,1004.9,,1,,3.23,,,,6,0,Ci,,2000,,,53.7,,28.3,27.2,24.7,24
108,서울,2023-06-19 14:00,33.7,,,,1.8,,140,,45,,23.5,20.1,994.9,,1004.3,,1,,3.2,,,,6,0,Ci,,2000,,,53.1,,29.3,27.9,25.1,24.1
108,서울,2023-06-19 15:00,34,,,,2.1,,110,,44,,23.4,20,994.1,,1003.5,,1,,2.59,,,,5,0,Ci,,2000,,,50.8,,29.9,28.5,25.5,24.2
108,서울,2023-06-19 16:00,33.4,,,,2.6,,160,,44,,22.5,19.4,993.8,,1003.2,,.4,,1.55,,,,8,0,Ci,,2000,,,43,,29.9,28.8,25.9,24.4
108,서울,2023-06-19 17:00,33.5,,,,2.3,,140,,45,,23.2,19.9,993.9,,1003.3,,.6,,1.41,,,,6,0,Ci,,2000,,,41.3,,29.9,29,26.3,24.7
108,서울,2023-06-19 18:00,33.3,,,,2.7,,180,,45,,22.9,19.7,994.1,,1003.5,,.9,,1.05,,,,6,0,Ci,,2000,,,37.7,,29.8,29.1,26.5,24.9
108,서울,2023-06-19 19:00,31.1,,,,2.8,,270,,58,,26.1,21.8,994.8,,1004.3,,.2,,.39,,,,7,1,,22,2000,,,30.6,,29.6,29,26.7,25.1
108,서울,2023-06-19 20:00,29.9,,,,3.2,,250,,60,,25.2,21.2,994.9,,1004.4,,0,,.07,,,,7,1,,,2000,,,28.1,,29.1,28.7,26.8,25.3
108,서울,2023-06-19 21:00,27.8,,,,2.1,,270,,58,,21.6,18.7,995.3,,1004.9,,,9,,9,,,4,0,Ci,,2000,,,25.7,,28.6,28.4,26.8,25.4
108,서울,2023-06-19 22:00,27.1,,,,2.3,,250,,59,,21,18.3,996,,1005.6,,,9,,9,,,6,2,,,2000,,,25,,28,28,26.7,25.5
108,서울,2023-06-19 23:00,26.6,,,,2.5,,250,,60,,20.8,18.1,996,,1005.6,,,9,,9,,,7,1,,19,2000,,,24.5,,27.6,27.6,26.5,25.5
108,서울,2023-06-20 00:00,26,,,,1,,270,,61,,20.4,17.8,996.1,,1005.8,,,9,,9,,,5,0,Ci,,2000,,,23.4,,27.2,27.3,26.4,25.5
108,서울,2023-06-20 01:00,25.3,,,,1.8,,270,,64,,20.5,17.9,995.8,,1005.5,,,9,,9,,,7,7,,65,2000,,,22.8,,26.8,26.9,26.2,25.5
108,서울,2023-06-20 02:00,25,,,,.8,,290,,67,,21.2,18.4,995.1,,1004.8,,,9,,9,,,6,6,,61,1994,,,22.3,,26.5,26.6,26,25.5
108,서울,2023-06-20 03:00,24.5,,,,.6,,20,,68,,20.8,18.1,994.8,,1004.4,,,9,,9,,,4,0,Ci,,1929,,,21.5,,26.1,26.3,25.8,25.4
108,서울,2023-06-20 04:00,24.4,,,,1.1,,90,,67,,20.4,17.8,994.8,,1004.4,,,9,,9,,,7,0,Ci,,1986,,,22,,25.8,26,25.6,25.3
108,서울,2023-06-20 05:00,24.4,,,,2.1,,110,,61,,18.5,16.3,995.1,,1004.7,,,9,,9,,,9,0,Ci,,2000,,,22.4,,25.6,25.8,25.4,25.2
108,서울,2023-06-20 06:00,24.5,,,,2.5,,140,,60,,18.4,16.2,995.2,,1004.8,,0,,.05,,,,10,0,Cs,,2000,,,23.5,,25.4,25.6,25.2,25.1
108,서울,2023-06-20 07:00,24.7,,,,1.3,,70,,62,,19.2,16.9,995.1,,1004.7,,0,,.2,,,,10,0,Cs,,2000,,,25.3,,25.3,25.4,25.1,25
108,서울,2023-06-20 08:00,25.2,,,,1.8,,70,,62,,19.7,17.3,995.1,,1004.8,,0,,.36,,,,10,0,Cs,,1926,,,25.7,,25.3,25.4,24.9,24.9
108,서울,2023-06-20 09:00,25.8,,,,2,,90,,64,,21.2,18.4,995.2,,1004.9,,0,,.62,,,,10,4,AcCs,49,2000,,,27.5,,25.5,25.4,24.8,24.8
108,서울,2023-06-20 10:00,26,,,,1.6,,90,,64,,21.4,18.6,995.4,,1005.1,,0,,.52,,,,10,6,AcCs,43,2000,,,29.4,,25.6,25.5,24.7,24.7
108,서울,2023-06-20 11:00,26.3,,,,2,,110,,58,,19.7,17.3,995.5,,1005.2,,0,,.69,,,,10,7,AcCs,45,2000,,,31.4,,25.8,25.6,24.7,24.7
108,서울,2023-06-20 12:00,25.9,,,,2.6,,140,,55,,18.3,16.1,995.7,,1005.4,,0,,.51,,,,9,9,Ac,34,2000,,,27.2,,26,25.7,24.7,24.6
108,서울,2023-06-20 13:00,24.8,,0,,3.2,,70,,59,,18.4,16.2,994.7,,1004.4,,0,,.28,,,,10,5,ScAs,9,1832,,01,24,,25.8,25.7,24.8,24.6
108,서울,2023-06-20 14:00,25,,0,,2.5,,140,,58,,18.3,16.1,994.5,,1004.2,,0,,.55,,,,10,2,ScAs,10,2000,,01,24.2,,25.6,25.5,24.7,24.5
108,서울,2023-06-20 15:00,25.1,,0,,3.8,,140,,57,,18.1,15.9,992.8,,1002.5,,0,,.46,,,,10,5,ScAs,10,2000,,01,23.5,,25.6,25.4,24.7,24.5
108,서울,2023-06-20 16:00,24.6,,0,,2.4,,70,,61,,18.8,16.5,992.6,,1002.2,,0,,.34,,,,10,2,ScAs,10,2000,,01,24.1,,25.4,25.3,24.6,24.5
108,서울,2023-06-20 17:00,24.9,,0,,2,,50,,59,,18.5,16.3,992.8,,1002.5,,0,,.49,,,,9,8,AcCi,44,2000,,01,26.6,,25.2,25.2,24.6,24.5
108,서울,2023-06-20 18:00,25.2,,,9,2.3,,50,,60,,19.1,16.8,992.7,,1002.4,,0,,.52,,,,9,4,AcCi,47,2000,,,26,,25.2,25.2,24.5,24.4
108,서울,2023-06-20 19:00,25.1,,,9,2.6,,70,,59,,18.8,16.5,993,,1002.7,,0,,.19,,,,10,10,,42,2000,,,22,,25.2,25.1,24.4,24.4
108,서울,2023-06-20 20:00,24.8,,,9,2.1,,50,,64,,20,17.5,992.8,,1002.5,,0,,.11,,,,7,4,,15,2000,,,21.7,,25.1,25,24.4,24.3
108,서울,2023-06-20 21:00,24.8,,,9,1.9,,70,,63,,19.6,17.2,992.7,,1002.4,,,9,,9,,,8,5,ScAc,15,2000,,,22.1,,24.9,24.9,24.3,24.3
108,서울,2023-06-20 22:00,24.4,,0,,1.4,,70,,68,,20.8,18.1,993,,1002.6,,,9,,9,,,10,6,ScAs,15,1796,,01,21.5,,24.7,24.8,24.3,24.3
108,서울,2023-06-20 23:00,23,,.9,,1.2,,230,,81,,22.7,19.5,993.4,,1003.1,,,9,,9,,,10,8,StNs,9,461,,01,21.1,,24.6,24.6,24.1,24.2
108,서울,2023-06-21 00:00,21.4,,5.5,,.7,,70,,89,,22.7,19.5,993.5,,1003.3,,,9,,9,,,10,8,StNs,8,160,,01,20.5,,24.3,24.4,24,24.1
108,서울,2023-06-21 01:00,20.6,,5.5,,1.8,,70,,95,,22.9,19.7,992.8,,1002.6,,,9,,9,,,10,8,StNs,3,186,,1901,20.4,,23.8,24.1,23.9,24
108,서울,2023-06-21 02:00,20.2,,3.5,,2.9,,70,,96,,22.7,19.5,991.7,,1001.5,,,9,,9,,,10,8,StNs,3,326,,1901,20.1,,23.4,23.7,23.7,24
108,서울,2023-06-21 03:00,19.8,,1,,2.8,,50,,96,,22.1,19.1,991.2,,1001.1,,,9,,9,,,10,8,StNs,4,332,,1901,20,,23.2,23.5,23.5,23.9
108,서울,2023-06-21 04:00,19.3,,8.3,,2.4,,50,,98,,21.8,18.9,991.1,,1000.9,,,9,,9,,,10,8,StNs,5,201,,1901,19.3,,22.9,23.2,23.3,23.8
108,서울,2023-06-21 05:00,19.3,,1.3,,2.8,,50,,97,,21.7,18.8,991.2,,1001,,,9,,9,,,10,8,StNs,3,287,,1901,19.4,,22.5,22.9,23.1,23.7
108,서울,2023-06-21 06:00,19.4,,1,,2.1,,70,,98,,22,19,991.4,,1001.2,,0,,.01,,,,10,9,StNs,2,289,,1901,19.7,,22.4,22.7,22.9,23.5
108,서울,2023-06-21 07:00,19.4,,2.8,,2.9,,50,,98,,22,19,991.3,,1001.1,,0,,.06,,,,10,8,StNs,2,511,,1901,19.8,,22.4,22.6,22.7,23.4
108,서울,2023-06-21 08:00,19.6,,.5,,2.8,,50,,99,,22.5,19.4,991.2,,1001,,0,,.11,,,,10,7,StNs,2,342,,1901,20.6,,22.3,22.5,22.6,23.3
108,서울,2023-06-21 09:00,19.8,,.1,,2.7,,50,,97,,22.4,19.3,991.3,,1001.2,,0,,.22,,,,10,8,StNs,2,1075,,1901,21.1,,22.4,22.5,22.5,23.2
108,서울,2023-06-21 10:00,20,,.4,,2.2,,50,,98,,22.8,19.6,991,,1000.9,,0,,.27,,,,10,8,StNs,2,265,,1901,21.8,,22.4,22.5,22.4,23.1
108,서울,2023-06-21 11:00,20.4,,.1,,2.3,,50,,97,,23.2,19.9,990.9,,1000.7,,0,,.42,,,,10,8,StNs,2,617,,1901,22.7,,22.5,22.5,22.3,23
108,서울,2023-06-21 12:00,20.6,,0,,1.9,,50,,94,,22.7,19.5,990.9,,1000.7,,0,,.36,,,,10,8,StNs,3,1475,,1901,22.8,,22.7,22.6,22.3,22.9
108,서울,2023-06-21 13:00,21.4,,.1,,1.6,,20,,92,,23.4,20,990.5,,1000.3,,0,,.81,,,,10,8,StNs,5,1967,,1901,26,,22.9,22.7,22.3,22.8
108,서울,2023-06-21 14:00,21.4,,0,,.5,,50,,93,,23.7,20.2,990.5,,1000.3,,0,,.46,,,,10,10,St,3,568,,1902,24.9,,23.1,22.9,22.3,22.8
108,서울,2023-06-21 15:00,21.8,,.3,,1.8,,290,,93,,24.3,20.6,990.4,,1000.1,,0,,.65,,,,10,9,StNs,3,1891,,190201,25.8,,23.3,23.1,22.4,22.8
108,서울,2023-06-21 16:00,21.8,,,9,2.8,,320,,89,,23.1,19.8,990.4,,1000.1,,0,,.63,,,,10,8,StNs,4,2000,,,24.2,,23.6,23.3,22.4,22.7
108,서울,2023-06-21 17:00,21.8,,,9,2.5,,320,,88,,22.9,19.7,990.2,,999.9,,0,,.31,,,,10,9,ScAs,5,2000,,,24,,23.5,23.3,22.5,22.7
108,서울,2023-06-21 18:00,21.8,,,9,2.4,,320,,89,,23.1,19.8,990.4,,1000.1,,0,,.3,,,,10,8,ScAs,5,2000,,,23.2,,23.5,23.3,22.6,22.7
108,서울,2023-06-21 19:00,21.5,,0,,2.8,,320,,87,,22.2,19.2,990.9,,1000.7,,0,,.15,,,,10,8,ScAs,6,1524,,01,22.2,,23.5,23.3,22.6,22.8
108,서울,2023-06-21 20:00,21.3,,,9,3.4,,320,,87,,22,19,991.4,,1001.2,,0,,.03,,,,8,8,,7,2000,,,21.1,,23.3,23.3,22.6,22.8
108,서울,2023-06-21 21:00,21,,,9,1.8,,270,,86,,21.3,18.5,991.7,,1001.5,,,9,,9,,,8,8,Sc,11,2000,,,20.7,,23.2,23.1,22.6,22.8
108,서울,2023-06-21 22:00,20.7,,,9,2.3,,290,,84,,20.4,17.8,992.2,,1002,,,9,,9,,,6,6,,15,2000,,,20.3,,23,23,22.6,22.8
108,서울,2023-06-21 23:00,20.2,,,9,1.1,,270,,87,,20.5,17.9,992.2,,1002.1,,,9,,9,,,6,6,,18,2000,,,19.6,,22.9,22.9,22.5,22.8
108,서울,2023-06-22 00:00,19.9,,,9,2.8,,290,,88,,20.4,17.8,992.3,,1002.2,,,9,,9,,,7,7,Sc,15,2000,,,19.4,,22.7,22.7,22.4,22.8
108,서울,2023-06-22 01:00,19.5,,,,.3,,0,,89,,20.1,17.6,992.5,,1002.3,,,9,,9,,,6,6,,10,2000,,,19.3,,22.5,22.6,22.4,22.7
108,서울,2023-06-22 02:00,19.4,,,,1.4,,250,,86,,19.2,16.9,992.6,,1002.4,,,9,,9,,,8,4,,10,2000,,,19.2,,22.4,22.4,22.3,22.7
108,서울,2023-06-22 03:00,19.3,,,,1.4,,340,,88,,19.6,17.2,992.8,,1002.6,,,9,,9,,,8,8,Sc,8,2000,,,19.4,,22.3,22.3,22.2,22.6
108,서울,2023-06-22 04:00,19.2,,,,.5,,250,,87,,19.2,16.9,993.1,,1002.9,,,9,,9,,,8,8,Sc,10,2000,,,19.2,,22.2,22.2,22.1,22.6
108,서울,2023-06-22 05:00,19,,,,1.3,,270,,87,,19,16.7,993.2,,1003,,,9,,9,,,8,8,Sc,15,2000,,,18.7,,22.1,22.2,22,22.5
108,서울,2023-06-22 06:00,19,,,,1.3,,270,,87,,19,16.7,993.7,,1003.5,,0,,.03,,,,8,8,Sc,7,2000,,,19.3,,22,22.1,21.9,22.5
108,서울,2023-06-22 07:00,19.6,,,,1.5,,270,,84,,19.1,16.8,993.8,,1003.6,,.3,,.38,,,,6,6,Sc,10,2000,,,20.8,,21.9,22,21.8,22.4
108,서울,2023-06-22 08:00,20.7,,,,1.9,,320,,78,,19,16.7,993.7,,1003.5,,.9,,1.18,,,,3,3,Sc,10,2000,,,25.1,,22,22,21.8,22.3
108,서울,2023-06-22 09:00,22,,,,2.4,,270,,74,,19.5,17.1,994.1,,1003.9,,1,,1.95,,,,2,2,Sc,15,2000,,,29.5,,22.3,22.1,21.7,22.3
108,서울,2023-06-22 10:00,23.4,,,,2.6,,290,,67,,19.2,16.9,993.6,,1003.3,,1,,2.6,,,,5,5,Sc,8,2000,,,33.6,,23,22.5,21.8,22.2
108,서울,2023-06-22 11:00,24.3,,,,2.7,,290,,65,,19.6,17.2,993.5,,1003.1,,.7,,2.74,,,,6,6,Sc,8,2000,,,33.3,,23.8,23.1,21.9,22.2
108,서울,2023-06-22 12:00,24.8,,,,3.6,,290,,65,,20.2,17.7,993.2,,1002.9,,.6,,2.55,,,,7,7,Sc,8,2000,,,32.8,,24.5,23.7,22.1,22.2
108,서울,2023-06-22 13:00,25.3,,,,3.7,,270,,64,,20.5,17.9,992.9,,1002.6,,.4,,2.12,,,,8,8,Sc,9,2000,,,32.1,,25,24.2,22.4,22.2
108,서울,2023-06-22 14:00,26,,,,3.6,,270,,66,,22.1,19.1,992.6,,1002.2,,.4,,2.21,,,,8,8,Sc,10,2000,,,35.3,,25.4,24.6,22.6,22.3
108,서울,2023-06-22 15:00,26.2,,,,4.8,,250,,65,,22,19,992.4,,1002,,.5,,2.05,,,,6,6,Sc,9,2000,,,33.9,,25.8,24.9,22.9,22.4
108,서울,2023-06-22 16:00,25.6,,,,3.8,,250,,66,,21.6,18.7,992.3,,1002,,.4,,1.72,,,,8,8,Sc,10,2000,,,29.6,,26.1,25.2,23.2,22.6
108,서울,2023-06-22 17:00,25.2,,,,4,,250,,67,,21.4,18.6,992.4,,1002.1,,.1,,.95,,,,8,8,Sc,9,2000,,,27.5,,26.1,25.4,23.4,22.7
108,서울,2023-06-22 18:00,24.4,,0,,3.6,,250,,72,,22,19,992.4,,1002,,.1,,.48,,,,8,8,CuSc,5,2000,,04,24.8,,25.9,25.3,23.6,22.9
108,서울,2023-06-22 19:00,24.1,,0,,2.5,,250,,74,,22.1,19.1,993.2,,1002.8,,.2,,.35,,,,6,6,Sc,6,2000,,04,23.7,,25.5,25.1,23.7,23
108,서울,2023-06-22 20:00,23.2,,,9,2.3,,180,,78,,22.1,19.1,993.7,,1003.4,,.3,,.17,,,,4,1,,13,2000,,,22,,25.2,24.9,23.7,23.1
108,서울,2023-06-22 21:00,22.8,,,9,1.7,,180,,81,,22.4,19.3,994.4,,1004.1,,,9,,9,,,7,7,Sc,9,1562,,,21.9,,24.9,24.7,23.7,23.2
108,서울,2023-06-22 22:00,22.3,,,9,1.5,,200,,82,,22,19,995,,1004.8,,,9,,9,,,6,2,,24,1101,,,21,,24.5,24.5,23.6,23.3
108,서울,2023-06-22 23:00,22.2,,,9,.9,,250,,84,,22.4,19.3,995.6,,1005.4,,,9,,9,,,6,6,,25,974,,19,20.8,,24.2,24.2,23.5,23.3
108,서울,2023-06-23 00:00,21.8,,,9,.9,,230,,85,,22.1,19.1,995.8,,1005.6,,,9,,9,,,4,4,,,747,,19,20.3,,24,24,23.4,23.3
119,수원,2023-06-17 01:00,18.3,,,,0,,0,,83,,17.4,15.3,1009.8,,1014.5,,,9,,9,,,0,0,,,2215,,,19.1,,23.6,24.6,24.7,23.9
119,수원,2023-06-17 02:00,17.5,,,,.9,,250,,89,,17.7,15.6,1010.2,,1014.9,,,9,,9,,,0,0,,,1991,,,18.6,,23,24.1,24.5,23.9
119,수원,2023-06-17 03:00,17,,,,.5,,250,,90,,17.4,15.3,1010.4,,1015.1,,,9,,9,,,0,0,,,1665,,,18.1,,22.5,23.7,24.2,23.8
119,수원,2023-06-17 04:00,16.6,,,,.2,,0,,90,,16.9,14.9,1010.4,,1015.1,,,9,,9,,,0,0,,,1657,,,17.7,,22.1,23.3,23.9,23.8
119,수원,2023-06-17 05:00,16.4,,,,1.2,,250,,92,,17,15,1010.4,,1015.1,,,9,,9,,,0,0,,,1667,,,17.3,,21.7,23,23.7,23.7
119,수원,2023-06-17 06:00,16.6,,,,.4,,0,,92,,17.3,15.2,1010.4,,1015.1,,.1,,.06,,,,0,0,,,1666,,,17.6,,21.3,22.7,23.4,23.5
119,수원,2023-06-17 07:00,19.2,,,,.6,,230,,82,,18.2,16,1010.4,,1015,,1,,.54,,,,0,0,,,1883,,,21.9,,21.4,22.5,23.3,23.5
119,수원,2023-06-17 08:00,21.9,,,,1.1,,250,,67,,17.5,15.4,1010,,1014.6,,1,,1.22,,,,1,0,Ci,,2019,,,32.7,,21.8,22.5,23.1,23.4
119,수원,2023-06-17 09:00,24,,,,1.1,,230,,52,,15.5,13.5,1009.9,,1014.5,,1,,1.91,,,,1,0,Ci,,4422,,,33.4,,22.6,22.7,23.1,23.2
119,수원,2023-06-17 10:00,25.5,,,,2,,230,,50,,16.3,14.3,1009.4,,1014,,1,,2.58,,,,2,0,Ci,,4227,,,39.8,,24.2,23.1,23.1,23.2
119,수원,2023-06-17 11:00,26.5,,,,2.8,,230,,43,,14.8,12.8,1009.2,,1013.7,,1,,2.95,,,,2,0,Ci,,5000,,,43.4,,26.1,23.8,23.3,23.1
119,수원,2023-06-17 12:00,27.7,,,,2.4,,270,,46,,17,15,1008.9,,1013.4,,1,,3.34,,,,5,0,Ci,,4883,,,48.6,,28,24.7,23.6,23
119,수원,2023-06-17 13:00,28.6,,,,2.3,,270,,41,,16,14,1008.4,,1012.9,,1,,3.25,,,,5,0,Ci,,4856,,,51.1,,29.7,25.9,24.1,23.1
119,수원,2023-06-17 14:00,29.4,,,,3,,270,,39,,15.9,13.9,1007.9,,1012.4,,1,,3.3,,,,5,0,Ci,,5000,,,50.3,,31,26.9,24.7,23.1
119,수원,2023-06-17 15:00,29.5,,,,3.6,,270,,40,,16.4,14.4,1007.6,,1012.1,,1,,3,,,,6,0,Cs,,4430,,,47.7,,31.3,27.7,25.3,23.2
119,수원,2023-06-17 16:00,28,,,,3.3,,250,,37,,13.9,11.9,1007.4,,1011.9,,1,,2.14,,,,10,0,Cs,,4997,,,41.5,,30.8,28.1,25.8,23.4
119,수원,2023-06-17 17:00,26.4,,,,3.3,,270,,40,,13.7,11.7,1007.1,,1011.6,,.7,,1.43,,,,10,0,Cs,,4910,,,35.6,,30.1,28.2,26.1,23.5
119,수원,2023-06-17 18:00,24.6,,,,2.8,,270,,41,,12.6,10.4,1007,,1011.5,,0,,.74,,,,10,0,Ci,,5000,,,28.9,,29.1,27.9,26.3,23.8
119,수원,2023-06-17 19:00,23.7,,,,2.1,,250,,42,,12.3,10,1007,,1011.5,,0,,.25,,,,10,1,,,5000,,,25.6,,28,27.6,26.3,23.9
119,수원,2023-06-17 20:00,22.7,,,,1.8,,250,,47,,12.9,10.7,1006.8,,1011.4,,0,,.05,,,,10,1,,,5000,,,23.3,,27.1,27.1,26.2,24.1
119,수원,2023-06-17 21:00,21.2,,,,1.6,,230,,65,,16.3,14.3,1007.1,,1011.7,,,9,,9,,,10,0,Cs,,5000,,,21.8,,26.3,26.5,26,24.2
119,수원,2023-06-17 22:00,20.6,,,,2.2,,230,,78,,18.9,16.6,1007.6,,1012.2,,,9,,9,,,10,8,,73,3017,,,21.4,,25.6,26.1,25.7,24.3
119,수원,2023-06-17 23:00,20.6,,,,1.7,,230,,81,,19.6,17.2,1007.5,,1012.1,,,9,,9,,,10,9,,70,2138,,,21.2,,25.1,25.7,25.5,24.3
119,수원,2023-06-18 00:00,20.4,,,,1.6,,270,,82,,19.6,17.2,1006.9,,1011.5,,,9,,9,,,10,0,Cs,,1747,,,20.9,,24.7,25.3,25.3,24.3
119,수원,2023-06-18 01:00,19.8,,,,1.7,,250,,85,,19.5,17.1,1006.8,,1011.4,,,9,,9,,,10,10,,68,1577,,,20.3,,24.3,25,25.1,24.3
119,수원,2023-06-18 02:00,19.6,,,,.6,,290,,86,,19.5,17.1,1006.4,,1011,,,9,,9,,,10,10,,62,1610,,,20,,24,24.7,24.9,24.2
119,수원,2023-06-18 03:00,19.1,,,,1.4,,250,,91,,20,17.5,1005.9,,1010.5,,,9,,9,,,10,0,Cs,,919,,19,19.7,,23.7,24.4,24.6,24.2
119,수원,2023-06-18 04:00,19,,,,1.3,,250,,93,,20.4,17.8,1005.7,,1010.3,,,9,,9,,,10,0,Cs,,750,,19,19.6,,23.4,24.2,24.5,24.1
119,수원,2023-06-18 05:00,18.9,,,,.5,,230,,93,,20.2,17.7,1005.2,,1009.8,,,9,,9,,,10,0,Cs,,664,,19,19.5,,23.1,23.9,24.3,24
119,수원,2023-06-18 06:00,19.2,,,,1.9,,230,,94,,20.9,18.2,1005.4,,1010,,0,,.07,,,,9,0,Ci,,666,,19,20.9,,23,23.7,24.1,24
119,수원,2023-06-18 07:00,20.4,,,,.9,,200,,88,,21,18.3,1005.1,,1009.7,,.8,,.5,,,,3,0,Ci,,823,,19,24,,23,23.6,24,23.9
119,수원,2023-06-18 08:00,21.9,,,,.6,,230,,80,,20.9,18.2,1004.9,,1009.5,,1,,.91,,,,5,2,AcCi,40,970,,19,30.6,,23.2,23.6,23.9,23.8
119,수원,2023-06-18 09:00,23.1,,,,1.3,,200,,72,,20.2,17.7,1004.5,,1009.1,,1,,1.43,,,,7,0,Ci,,1385,,19,30,,23.9,23.7,23.9,23.7
119,수원,2023-06-18 10:00,25,,,,1,,250,,62,,19.6,17.2,1004.1,,1008.6,,1,,1.99,,,,7,0,Ci,,2574,,,37.6,,25.2,24,23.9,23.7
119,수원,2023-06-18 11:00,27,,,,2.2,,320,,54,,19.1,16.8,1003.5,,1008,,1,,2.91,,,,2,0,Ci,,3923,,,46.6,,27,24.6,24.1,23.6
119,수원,2023-06-18 12:00,28.5,,,,2.3,,290,,49,,19,16.7,1002.8,,1007.3,,1,,3.36,,,,0,0,,,3770,,,51.4,,29.1,25.6,24.3,23.6
119,수원,2023-06-18 13:00,29.6,,,,2.4,,230,,50,,20.6,18,1002.2,,1006.6,,1,,3.44,,,,0,0,,,3504,,,52.8,,31,26.7,24.9,23.6
119,수원,2023-06-18 14:00,30.6,,,,2.3,,290,,46,,20.1,17.6,1001.6,,1006,,1,,3.33,,,,0,0,,,4507,,,54.1,,32.3,27.7,25.5,23.6
119,수원,2023-06-18 15:00,29.4,,,,3.7,,250,,49,,20,17.5,1001.3,,1005.7,,1,,3.05,,,,0,0,,,3609,,,50.1,,32.7,28.6,26.1,23.8
119,수원,2023-06-18 16:00,28.7,,,,3.1,,250,,51,,20,17.5,1001,,1005.5,,1,,2.59,,,,0,0,,,3736,,,47.1,,32.3,29.1,26.6,23.9
119,수원,2023-06-18 17:00,27.9,,,,3.3,,250,,51,,19.1,16.8,1001.1,,1005.6,,1,,1.96,,,,0,0,,,4195,,,40.8,,31.8,29.3,27,24.2
119,수원,2023-06-18 18:00,27.3,,,,2.9,,250,,50,,18.1,15.9,1001.1,,1005.6,,1,,1.27,,,,0,0,,,5000,,,33.8,,31,29.3,27.2,24.4
119,수원,2023-06-18 19:00,25.3,,,,2.4,,230,,54,,17.4,15.3,1001.6,,1006.1,,1,,.61,,,,0,0,,,5000,,,29.1,,29.9,29,27.3,24.6
119,수원,2023-06-18 20:00,23.3,,,,1.3,,230,,60,,17,15,1001.6,,1006.1,,.3,,.12,,,,0,0,,,5000,,,26.1,,28.8,28.5,27.2,24.7
119,수원,2023-06-18 21:00,22.1,,,,1,,250,,66,,17.5,15.4,1002.1,,1006.7,,,9,,9,,,0,0,,,4848,,,24.5,,27.8,27.9,27.1,24.9
119,수원,2023-06-18 22:00,21.7,,,,1.2,,230,,68,,17.6,15.5,1002.5,,1007.1,,,9,,9,,,1,0,,,4722,,,23.6,,27,27.4,26.8,25
119,수원,2023-06-18 23:00,21.3,,,,1,,270,,73,,18.4,16.2,1002.6,,1007.2,,,9,,9,,,1,1,,19,4233,,,23.3,,26.3,26.9,26.6,25
119,수원,2023-06-19 00:00,20.9,,,,.9,,230,,74,,18.2,16,1002.6,,1007.2,,,9,,9,,,1,1,Sc,,3546,,,22.7,,25.8,26.4,26.4,25
119,수원,2023-06-19 01:00,20.6,,,,.6,,230,,76,,18.4,16.2,1002.6,,1007.2,,,9,,9,,,0,0,,,2596,,,22.1,,25.3,26,26.1,25
119,수원,2023-06-19 02:00,20.2,,,,1,,250,,81,,19.1,16.8,1002.9,,1007.5,,,9,,9,,,0,0,,,2023,,,21.7,,24.9,25.7,25.9,25
119,수원,2023-06-19 03:00,20.1,,,,1.3,,110,,82,,19.2,16.9,1002,,1006.6,,,9,,9,,,0,0,,,2070,,,21.2,,24.5,25.4,25.6,24.9
119,수원,2023-06-19 04:00,19.4,,,,.1,,0,,84,,18.9,16.6,1001.9,,1006.5,,,9,,9,,,0,0,,,1789,,,20.7,,24.1,25.1,25.4,24.9
119,수원,2023-06-19 05:00,19.6,,,,1.7,,110,,76,,17.3,15.2,1002.1,,1006.7,,,9,,9,,,0,0,,,2890,,,20.3,,23.7,24.7,25.1,24.8
119,수원,2023-06-19 06:00,19.9,,,,0,,0,,80,,18.5,16.3,1002.4,,1007,,0,,.06,,,,0,0,,,2404,,,21,,23.5,24.4,24.9,24.7
119,수원,2023-06-19 07:00,23.4,,,,.3,,0,,67,,19.2,16.9,1002.5,,1007,,1,,.46,,,,0,0,,,2858,,,23.1,,23.5,24.3,24.8,24.6
119,수원,2023-06-19 08:00,26.4,,,,3,,90,,60,,20.6,18,1002.7,,1007.2,,1,,1.1,,,,0,0,,,3083,,,28.5,,24,24.3,24.7,24.5
119,수원,2023-06-19 09:00,28.1,,,,2.5,,110,,54,,20.5,17.9,1003,,1007.5,,1,,1.78,,,,0,0,,,3721,,,35.8,,25.1,24.5,24.6,24.4
119,수원,2023-06-19 10:00,29.3,,,,3.2,,110,,51,,20.8,18.1,1002.7,,1007.1,,1,,2.42,,,,3,0,Ci,,3608,,,42,,26.6,25,24.7,24.3
119,수원,2023-06-19 11:00,30.3,,,,3.2,,140,,46,,19.7,17.3,1002.2,,1006.6,,1,,2.87,,,,7,0,Ci,,3828,,,46.1,,28.4,25.7,24.9,24.3
119,수원,2023-06-19 12:00,31.6,,,,2.6,,110,,46,,21.3,18.5,1001.4,,1005.8,,1,,3.14,,,,7,0,Ci,,3271,,,50.8,,30.2,26.6,25.3,24.2
119,수원,2023-06-19 13:00,32.4,,,,2.7,,90,,43,,20.9,18.2,1001,,1005.4,,1,,3.29,,,,8,0,Ci,,2938,,,53.1,,32,27.7,25.8,24.2
119,수원,2023-06-19 14:00,32.6,,,,2,,160,,42,,20.6,18,1000.6,,1005,,.8,,2.51,,,,7,0,Ci,,3063,,,47.5,,33,28.7,26.4,24.3
119,수원,2023-06-19 15:00,32.9,,,,2.6,,160,,42,,20.9,18.2,999.7,,1004.1,,1,,2.57,,,,6,0,Ci,,2954,,,48.3,,33.2,29.3,26.9,24.4
119,수원,2023-06-19 16:00,33.3,,,,2.5,,140,,42,,21.4,18.6,999.4,,1003.8,,.4,,1.64,,,,8,0,Ci,,3119,,,46.6,,32.9,29.7,27.4,24.6
119,수원,2023-06-19 17:00,33,,,,1.7,,200,,42,,21,18.3,999.3,,1003.7,,1,,1.8,,,,7,0,Ci,,2795,,,41,,32.9,29.9,27.7,24.8
119,수원,2023-06-19 18:00,29.7,,,,3.1,,250,,53,,22,19,1000.1,,1004.5,,.7,,.97,,,,7,0,Ci,,1783,,,34.8,,32.1,30,27.9,25
119,수원,2023-06-19 19:00,27,,,,3.9,,250,,60,,21.3,18.5,1001.2,,1005.7,,0,,.33,,,,8,3,,21,1866,,,30.9,,30.8,29.7,28,25.2
119,수원,2023-06-19 20:00,25.9,,,,1.3,,270,,61,,20.2,17.7,1001.4,,1005.9,,0,,.07,,,,7,1,,,2180,,,28.1,,29.8,29.2,28,25.4
119,수원,2023-06-19 21:00,24.8,,,,1,,250,,64,,20,17.5,1001.4,,1005.9,,,9,,9,,,8,0,Ci,,2006,,,26.5,,28.8,28.7,27.8,25.5
119,수원,2023-06-19 22:00,23.9,,,,.7,,320,,67,,19.7,17.3,1002,,1006.5,,,9,,9,,,3,1,,,2197,,,25.3,,28,28.2,27.6,25.6
119,수원,2023-06-19 23:00,23.2,,,,1.7,,230,,72,,20.4,17.8,1002.2,,1006.7,,,9,,9,,,6,1,,,1854,,,24.5,,27.4,27.8,27.4,25.6
119,수원,2023-06-20 00:00,23,,,,.9,,250,,71,,19.9,17.4,1002.2,,1006.7,,,9,,9,,,4,0,Ci,,1742,,,23.7,,26.8,27.3,27.1,25.7
119,수원,2023-06-20 01:00,22,,,,.4,,0,,75,,19.7,17.3,1002.1,,1006.7,,,9,,9,,,2,2,,67,1551,,,22.9,,26.3,26.9,26.9,25.7
119,수원,2023-06-20 02:00,21.2,,,,.4,,0,,79,,19.9,17.4,1001.1,,1005.7,,,9,,9,,,3,3,,63,1575,,,22.2,,25.8,26.5,26.6,25.6
119,수원,2023-06-20 03:00,20.8,,,,.4,,0,,81,,19.9,17.4,1000.8,,1005.4,,,9,,9,,,1,0,Ci,,1258,,,21.8,,25.3,26.2,26.3,25.6
119,수원,2023-06-20 04:00,21.2,,,,.8,,140,,78,,19.6,17.2,1000.8,,1005.4,,,9,,9,,,3,0,Ci,,1584,,,21.5,,24.9,25.8,26.1,25.5
119,수원,2023-06-20 05:00,21,,,,.6,,110,,75,,18.5,16.3,1001,,1005.6,,,9,,9,,,7,0,Ci,,2430,,,21.1,,24.5,25.5,25.9,25.4
119,수원,2023-06-20 06:00,21.4,,,,.5,,160,,76,,19.2,16.9,1001.2,,1005.8,,0,,.04,,,,9,0,Ci,,1572,,,22.3,,24.3,25.2,25.7,25.3
119,수원,2023-06-20 07:00,23.2,,,,2.5,,90,,51,,14.4,12.4,1001.1,,1005.6,,0,,.2,,,,9,0,Ci,,5000,,,23.5,,24.3,25.1,25.4,25.2
119,수원,2023-06-20 08:00,24.9,,,,3,,90,,45,,14.1,12.1,1001.1,,1005.6,,0,,.71,,,,8,0,Ci,,5000,,,27.7,,24.5,25,25.3,25.1
119,수원,2023-06-20 09:00,24.9,,,,2.7,,110,,44,,13.8,11.8,1001.3,,1005.8,,0,,.88,,,,10,0,Cs,,5000,,,28.2,,25,25.1,25.2,25.1
119,수원,2023-06-20 10:00,25,,,,2.6,,90,,45,,14.2,12.2,1001.4,,1005.9,,0,,.6,,,,10,5,AsCs,35,5000,,,28.4,,25.3,25.1,25.2,25
119,수원,2023-06-20 11:00,25.6,,,,3,,110,,44,,14.4,12.4,1001.5,,1006,,0,,1.02,,,,10,0,Cs,,5000,,,30.8,,25.8,25.3,25.2,24.9
119,수원,2023-06-20 12:00,25.1,,,,2.8,,140,,46,,14.6,12.6,1001.5,,1006,,0,,.62,,,,10,4,ScAs,12,5000,,,27.3,,26,25.4,25.2,24.8
119,수원,2023-06-20 13:00,24.9,,0,,4.8,,90,,48,,15.1,13.1,999.7,,1004.2,,0,,.32,,,,10,4,ScAs,12,4253,,01,27.2,,25.7,25.4,25.2,24.8
119,수원,2023-06-20 14:00,25.6,,0,,3.7,,90,,48,,15.7,13.7,1000.1,,1004.6,,0,,.72,,,,10,2,ScAs,10,4857,,01,28.4,,25.6,25.4,25.2,24.7
119,수원,2023-06-20 15:00,25.4,,0,,3,,110,,51,,16.5,14.5,999.4,,1003.9,,0,,.49,,,,10,5,ScAs,10,5000,,01,26.6,,25.7,25.4,25.2,24.7
119,수원,2023-06-20 16:00,25.2,,0,,3,,140,,53,,16.9,14.9,998.8,,1003.3,,0,,.33,,,,10,4,ScAs,10,4809,,01,26,,25.5,25.3,25.2,24.7
119,수원,2023-06-20 17:00,25.4,,0,,2.7,,110,,51,,16.5,14.5,998.3,,1002.8,,0,,.44,,,,10,5,ScAs,10,5000,,01,26.4,,25.4,25.3,25.1,24.6
119,수원,2023-06-20 18:00,25.4,,,9,1.4,,110,,52,,16.8,14.8,998.3,,1002.8,,0,,.35,,,,10,7,ScAs,10,5000,,,26.5,,25.4,25.3,25.1,24.6
119,수원,2023-06-20 19:00,25.1,,0,,.9,,360,,52,,16.5,14.5,998.7,,1003.2,,0,,.14,,,,8,6,ScAs,16,4364,,01,25.1,,25.3,25.2,25.1,24.6
119,수원,2023-06-20 20:00,25,,0,,2.5,,90,,53,,16.7,14.7,998.7,,1003.2,,0,,.1,,,,8,7,ScAc,15,5000,,01,24.6,,25.1,25.1,25,24.6
119,수원,2023-06-20 21:00,24.4,,0,,2.6,,110,,56,,17,15,998.4,,1002.9,,,9,,9,,,10,6,ScAs,17,5000,,01,23.9,,24.8,25,25,24.5
119,수원,2023-06-20 22:00,23.3,,.2,,1.2,,110,,68,,19.4,17,999,,1003.5,,,9,,9,,,10,7,StNs,13,1182,,01,22.6,,24.6,24.9,24.8,24.5
119,수원,2023-06-20 23:00,19.5,,3.8,,3,,160,,94,,21.3,18.5,999.7,,1004.3,,,9,,9,,,10,8,StNs,6,149,,01,20.7,,24.1,24.6,24.7,24.4
119,수원,2023-06-21 00:00,19.4,,14.5,,1.6,,70,,96,,21.6,18.7,999.1,,1003.7,,,9,,9,,,10,8,StNs,2,1421,,01,21.2,,23,24,24.5,24.4
119,수원,2023-06-21 01:00,19.1,,.8,,3.6,,90,,94,,20.8,18.1,998.5,,1003.1,,,9,,9,,,10,8,StNs,8,876,,1901,20.8,,22.8,23.7,24.3,24.4
119,수원,2023-06-21 02:00,18.8,,.7,,3.6,,90,,95,,20.5,17.9,997.6,,1002.2,,,9,,9,,,10,7,StNs,3,343,,1901,20.4,,22.6,23.5,24.1,24.3
119,수원,2023-06-21 03:00,18.3,,.9,,3,,90,,95,,19.9,17.4,997.1,,1001.7,,,9,,9,,,10,7,StNs,5,464,,1901,19.9,,22.3,23.2,23.9,24.2
119,수원,2023-06-21 04:00,18.4,,4.1,,2.5,,90,,96,,20.2,17.7,996.7,,1001.3,,,9,,9,,,10,8,StNs,3,364,,1901,19.9,,21.9,22.9,23.7,24
119,수원,2023-06-21 05:00,18.6,,2.5,,1.3,,70,,97,,20.8,18.1,996.9,,1001.5,,,9,,9,,,10,8,StNs,2,360,,1901,20.2,,21.7,22.8,23.5,24
119,수원,2023-06-21 06:00,18.6,,1.5,,2.3,,90,,97,,20.8,18.1,997.2,,1001.8,,0,,0,,,,10,8,StNs,2,269,,1901,20.1,,21.7,22.6,23.3,23.9
119,수원,2023-06-21 07:00,18.8,,2.1,,2.2,,90,,98,,21.2,18.4,997.3,,1001.9,,0,,.05,,,,10,7,StNs,2,336,,1901,20.4,,21.6,22.4,23.2,23.7
119,수원,2023-06-21 08:00,19.1,,1.3,,2.6,,90,,98,,21.6,18.7,997.2,,1001.8,,0,,.2,,,,10,7,StNs,3,267,,1901,21.1,,21.6,22.4,23.1,23.7
119,수원,2023-06-21 09:00,19.5,,1.7,,2.3,,90,,97,,22,19,997.1,,1001.7,,0,,.35,,,,10,7,StNs,3,363,,1901,21.9,,21.7,22.4,23,23.5
119,수원,2023-06-21 10:00,19.9,,.7,,2.3,,110,,97,,22.5,19.4,996.7,,1001.3,,0,,.46,,,,10,8,StNs,3,363,,1901,22.9,,22,22.4,22.9,23.5
119,수원,2023-06-21 11:00,20.4,,.4,,1.4,,110,,95,,22.7,19.5,996.6,,1001.2,,0,,.59,,,,10,10,St,3,489,,1901,23.6,,22.3,22.5,22.9,23.4
119,수원,2023-06-21 12:00,20.9,,.1,,.9,,20,,93,,22.9,19.7,996.6,,1001.2,,0,,.6,,,,10,10,St,2,931,,190201,24.2,,22.6,22.7,22.9,23.3
119,수원,2023-06-21 13:00,21,,0,,1.1,,340,,93,,23.1,19.8,996.4,,1001,,0,,.56,,,,10,8,ScAs,4,1912,,1902,24.9,,23,22.8,23,23.2
119,수원,2023-06-21 14:00,21.1,,0,,2.3,,290,,94,,23.4,20,996.4,,1001,,0,,.5,,,,10,8,StAs,5,1072,,02,24.3,,23.2,23,23,23.2
119,수원,2023-06-21 15:00,22,,.2,,2.2,,320,,90,,23.7,20.2,996.2,,1000.7,,0,,1.02,,,,10,8,StAs,3,4104,,02,27,,23.4,23.2,23.1,23.2
119,수원,2023-06-21 16:00,22.2,,,9,2.3,,320,,86,,22.9,19.7,996.2,,1000.7,,0,,.51,,,,10,8,ScAs,4,4682,,,25.9,,23.5,23.3,23.2,23.1
119,수원,2023-06-21 17:00,23.5,,,9,2.4,,290,,79,,22.8,19.6,996,,1000.5,,.1,,1.31,,,,10,6,StAs,5,3211,,,27.5,,23.9,23.5,23.3,23.1
119,수원,2023-06-21 18:00,22.4,,,9,2.4,,270,,83,,22.4,19.3,996.3,,1000.8,,0,,.41,,,,10,8,ScAs,4,3087,,,24.3,,23.9,23.6,23.3,23.1
119,수원,2023-06-21 19:00,20.8,,0,,2.3,,270,,90,,22,19,997,,1001.6,,0,,.14,,,,8,8,Sc,5,2050,,02,22.7,,23.6,23.6,23.4,23.2
119,수원,2023-06-21 20:00,20.9,,,9,1.4,,250,,91,,22.4,19.3,997.3,,1001.9,,0,,.06,,,,6,6,,13,2157,,,22.1,,23.3,23.5,23.5,23.2
119,수원,2023-06-21 21:00,20.4,,,9,2.6,,270,,92,,22,19,997.9,,1002.5,,,9,,9,,,8,8,Sc,6,2468,,,21.4,,23,23.3,23.4,23.2
119,수원,2023-06-21 22:00,20.3,,,9,2.9,,290,,92,,21.8,18.9,998.1,,1002.7,,,9,,9,,,7,7,,12,2532,,,21.2,,22.7,23.1,23.3,23.2
119,수원,2023-06-21 23:00,20.1,,,9,1.6,,270,,93,,21.8,18.9,998,,1002.6,,,9,,9,,,6,6,,14,1252,,,20.9,,22.5,23,23.3,23.2
119,수원,2023-06-22 00:00,19.6,,,9,1.6,,270,,95,,21.6,18.7,998.3,,1002.9,,,9,,9,,,5,5,Sc,19,755,,19,20.2,,22.3,22.8,23.1,23.2
119,수원,2023-06-22 01:00,19.4,,,,1.2,,250,,96,,21.6,18.7,998.6,,1003.2,,,9,,9,,,7,2,,2,833,,19,20.3,,22.1,22.7,23,23.2
119,수원,2023-06-22 02:00,19.5,,,,.6,,250,,95,,21.4,18.6,998.6,,1003.2,,,9,,9,,,7,6,,1,775,,19,20.7,,21.9,22.5,22.9,23.1
119,수원,2023-06-22 03:00,19.5,,,,1.9,,230,,95,,21.4,18.6,998.7,,1003.3,,,9,,9,,,9,9,StSc,2,813,,19,20.6,,21.9,22.5,22.9,23.1
119,수원,2023-06-22 04:00,19.5,,,,.6,,250,,94,,21.3,18.5,999.1,,1003.7,,,9,,9,,,9,9,Sc,8,830,,19,20.6,,21.8,22.4,22.8,23.1
119,수원,2023-06-22 05:00,19.1,,.1,,1.6,,290,,92,,20.2,17.7,999.4,,1004,,,9,,9,,,9,9,StSc,5,456,,1901,20.5,,21.8,22.3,22.7,23
119,수원,2023-06-22 06:00,18.9,,.1,,.8,,250,,96,,20.9,18.2,999.4,,1004,,0,,.02,,,,7,7,Sc,16,768,,1901,20.4,,21.6,22.2,22.6,22.9
119,수원,2023-06-22 07:00,19.4,,,9,1.1,,320,,94,,21.2,18.4,999.7,,1004.3,,0,,.25,,,,7,2,ScAc,6,1206,,19,21.3,,21.6,22.1,22.6,22.8
119,수원,2023-06-22 08:00,20.8,,,9,2,,270,,84,,20.5,17.9,1000,,1004.6,,.3,,.76,,,,4,4,Sc,8,2170,,,23.6,,21.8,22.1,22.6,22.8
119,수원,2023-06-22 09:00,22.1,,,9,2.8,,320,,75,,19.9,17.4,1000,,1004.6,,.8,,1.72,,,,3,3,Sc,8,4280,,,28.4,,22.3,22.3,22.5,22.8
119,수원,2023-06-22 10:00,23.3,,,9,3.2,,290,,65,,18.5,16.3,999.8,,1004.3,,1,,2.55,,,,5,5,Sc,9,4894,,,31.2,,23.2,22.6,22.6,22.7
119,수원,2023-06-22 11:00,24.4,,,9,2.7,,270,,66,,20.1,17.6,999.2,,1003.7,,.9,,2.94,,,,5,5,Sc,10,3882,,,34.1,,24.3,23.1,22.8,22.7
119,수원,2023-06-22 12:00,24.9,,,9,3.6,,270,,66,,20.8,18.1,999.1,,1003.6,,.3,,1.87,,,,6,6,Sc,8,2849,,,32.5,,24.8,23.6,22.9,22.7
119,수원,2023-06-22 13:00,24.9,,,9,3.4,,290,,63,,19.7,17.3,998.9,,1003.4,,.5,,2.64,,,,5,5,Sc,9,3266,,,31.6,,25.5,24.1,23.2,22.7
119,수원,2023-06-22 14:00,25.3,,,9,4.4,,290,,61,,19.6,17.2,998.7,,1003.2,,.8,,2.65,,,,3,2,ScCi,14,5000,,,33.6,,25.9,24.5,23.5,22.8
119,수원,2023-06-22 15:00,25.5,,,9,4.2,,270,,59,,19.1,16.8,998.8,,1003.3,,1,,3.07,,,,2,2,Sc,13,5000,,,32.9,,26.3,24.9,23.8,22.8
119,수원,2023-06-22 16:00,24.9,,,9,4.3,,290,,62,,19.5,17.1,998.6,,1003.1,,.8,,2.25,,,,5,5,Sc,19,5000,,,30.7,,26.3,25.2,24,22.9
119,수원,2023-06-22 17:00,24.1,,,9,3.3,,270,,70,,20.9,18.2,998.8,,1003.3,,.6,,1.79,,,,6,6,Sc,7,4522,,,27.4,,26.2,25.3,24.3,23
119,수원,2023-06-22 18:00,23,,,9,3.4,,270,,74,,20.8,18.1,998.9,,1003.4,,.3,,.79,,,,7,7,Sc,16,3670,,,25,,25.7,25.2,24.4,23.1
119,수원,2023-06-22 19:00,22.1,,,9,2.2,,250,,79,,20.9,18.2,999.6,,1004.2,,0,,.3,,,,6,5,,5,2754,,,23.6,,25.1,25,24.4,23.2
119,수원,2023-06-22 20:00,21.5,,,9,2.1,,230,,82,,20.9,18.2,1000,,1004.6,,0,,.07,,,,7,1,,16,1805,,,22.2,,24.5,24.7,24.4,23.3
119,수원,2023-06-22 21:00,21,,,9,2.1,,230,,86,,21.3,18.5,1000.5,,1005.1,,,9,,9,,,6,6,Sc,15,1164,,,21.5,,24.1,24.4,24.2,23.4
119,수원,2023-06-22 22:00,20.8,,,9,1.8,,230,,89,,21.8,18.9,1001.3,,1005.9,,,9,,9,,,7,7,Sc,12,884,,1901,21.7,,23.7,24.2,24.2,23.4
119,수원,2023-06-22 23:00,20.5,,,9,.4,,0,,90,,21.6,18.7,1001.7,,1006.3,,,9,,9,,,7,7,,4,738,,19,21.6,,23.5,23.9,24,23.5
119,수원,2023-06-23 00:00,20.3,,,9,.3,,0,,90,,21.3,18.5,1001.9,,1006.5,,,9,,9,,,5,5,,,671,,19,21.2,,23.2,23.8,23.9,23.5
202,양평,2023-06-17 01:00,20,,,,.4,,0,,70,,16.3,14.3,1008.7,,1014.2,,,9,,9,,,0,0,,,4816,,,18.9,,,,,
202,양평,2023-06-17 02:00,19,,,,.6,,180,,78,,17,15,1009,,1014.5,,,9,,9,,,0,0,,,4131,,,18.3,,,,,
202,양평,2023-06-17 03:00,18.1,,,,.8,,200,,84,,17.4,15.3,1009.1,,1014.6,,,9,,9,,,0,0,,,3313,,,17.6,,,,,
202,양평,2023-06-17 04:00,17.6,,,,.7,,180,,86,,17.3,15.2,1009.5,,1015.1,,,9,,9,,,0,0,,,3096,,,17,,,,,
202,양평,2023-06-17 05:00,17.1,,,,.2,,0,,89,,17.3,15.2,1009.6,,1015.2,,,9,,9,,,0,0,,,2659,,,16.4,,,,,
202,양평,2023-06-17 06:00,16.9,,,,.3,,0,,92,,17.6,15.5,1009.5,,1015.1,,0,,,9,,,0,0,,,2051,,,17.1,,,,,
202,양평,2023-06-17 07:00,18.2,,,,.8,,230,,85,,17.7,15.6,1009.7,,1015.2,,1,,,9,,,0,0,,,2545,,,21.1,,,,,
202,양평,2023-06-17 08:00,19.9,,,,.7,,180,,76,,17.6,15.5,1009.3,,1014.8,,1,,,9,,,0,0,,,2515,,,28.4,,,,,
202,양평,2023-06-17 09:00,22.2,,,,.8,,180,,66,,17.6,15.5,1009.1,,1014.6,,1,,,9,,,0,0,,,2237,,,35.7,,,,,
202,양평,2023-06-17 10:00,24.2,,,,1.4,,180,,56,,16.8,14.8,1008.5,,1013.9,,1,,,9,,,0,0,,,2958,,,42.9,,,,,
202,양평,2023-06-17 11:00,25.8,,,,1.5,,250,,47,,15.6,13.6,1008.2,,1013.6,,1,,,9,,,0,0,,,4820,,,50.6,,,,,
202,양평,2023-06-17 12:00,28.9,,,,2.3,,290,,34,,13.5,11.4,1008.1,,1013.4,,1,,,9,,,0,0,,,5000,,,54.1,,,,,
202,양평,2023-06-17 13:00,30,,,,2.6,,290,,32,,13.5,11.4,1007.5,,1012.8,,1,,,9,,,3,0,,,5000,,,55.7,,,,,
202,양평,2023-06-17 14:00,31.1,,,,1.6,,270,,33,,14.9,12.9,1006.8,,1012.1,,1,,,9,,,6,0,,,5000,,,55.8,,,,,
202,양평,2023-06-17 15:00,31,,,,2.3,,290,,34,,15.2,13.2,1006.4,,1011.7,,1,,,9,,,2,0,,,5000,,,53.7,,,,,
202,양평,2023-06-17 16:00,30.9,,,,1.5,,290,,35,,15.6,13.6,1005.6,,1010.9,,1,,,9,,,6,0,,,5000,,,48,,,,,
202,양평,2023-06-17 17:00,30.2,,,,2,,270,,37,,15.8,13.8,1005.3,,1010.6,,.9,,,9,,,7,0,,,5000,,,40.9,,,,,
202,양평,2023-06-17 18:00,29.1,,,,2,,270,,39,,15.7,13.7,1005.2,,1010.5,,0,,,9,,,8,0,,,5000,,,34.5,,,,,
202,양평,2023-06-17 19:00,27.5,,,,2.4,,270,,46,,16.8,14.8,1005.3,,1010.6,,0,,,9,,,9,0,,,4983,,,29.6,,,,,
202,양평,2023-06-17 20:00,26.2,,,,1.7,,270,,46,,15.6,13.6,1005.3,,1010.7,,0,,,9,,,10,3,,12,5000,,,26.5,,,,,
202,양평,2023-06-17 21:00,25.3,,,,1.3,,290,,47,,15.1,13.1,1005.4,,1010.8,,,9,,9,,,9,2,,14,5000,,,24.9,,,,,
202,양평,2023-06-17 22:00,24.6,,,,1.4,,320,,47,,14.5,12.5,1006.1,,1011.5,,,9,,9,,,9,3,,14,5000,,,23.9,,,,,
202,양평,2023-06-17 23:00,23.8,,,,2.1,,320,,49,,14.4,12.4,1005.8,,1011.2,,,9,,9,,,10,5,,14,5000,,,23.2,,,,,
202,양평,2023-06-18 00:00,23.4,,,,1,,320,,51,,14.6,12.6,1005.6,,1011,,,9,,9,,,10,3,,13,2153,,,22.6,,,,,
202,양평,2023-06-18 01:00,21.6,,,,1.1,,230,,68,,17.5,15.4,1005.2,,1010.7,,,9,,9,,,10,9,,15,3832,,,21.9,,,,,
202,양평,2023-06-18 02:00,21.2,,,,1.1,,290,,67,,16.8,14.8,1005.2,,1010.7,,,9,,9,,,10,8,,14,1676,,,21.3,,,,,
202,양평,2023-06-18 03:00,20.2,,,,1,,180,,75,,17.7,15.6,1004.8,,1010.3,,,9,,9,,,10,9,,15,4211,,,20.9,,,,,
202,양평,2023-06-18 04:00,19.9,,,,.6,,200,,77,,17.8,15.7,1004.5,,1010,,,9,,9,,,9,7,,15,3761,,,20.3,,,,,
202,양평,2023-06-18 05:00,19.4,,,,.2,,0,,80,,17.9,15.8,1004.4,,1009.9,,,9,,9,,,8,8,,14,2524,,,19.3,,,,,
202,양평,2023-06-18 06:00,18.9,,,,1,,200,,85,,18.5,16.3,1004.4,,1009.9,,0,,,9,,,6,1,,14,2858,,,19.6,,,,,
202,양평,2023-06-18 07:00,19.9,,,,.5,,180,,79,,18.3,16.1,1004.1,,1009.6,,.7,,,9,,,5,0,,,2623,,,24.9,,,,,
202,양평,2023-06-18 08:00,20.8,,,,1.1,,200,,71,,17.4,15.3,1004.2,,1009.7,,.4,,,9,,,7,0,,,2191,,,27.1,,,,,
202,양평,2023-06-18 09:00,22.2,,,,.8,,200,,62,,16.5,14.5,1003.7,,1009.1,,.8,,,9,,,7,1,,75,2506,,,35.1,,,,,
202,양평,2023-06-18 10:00,24.8,,,,.4,,0,,58,,18.1,15.9,1003.4,,1008.7,,1,,,9,,,8,0,,,3104,,,45.2,,,,,
202,양평,2023-06-18 11:00,25.7,,,,1.5,,230,,51,,16.7,14.7,1003,,1008.4,,.9,,,9,,,7,2,,65,4760,,,45,,,,,
202,양평,2023-06-18 12:00,27.8,,,,1.4,,230,,46,,17.2,15.1,1002.3,,1007.6,,1,,,9,,,7,1,,75,4978,,,52.9,,,,,
202,양평,2023-06-18 13:00,29,,,,1.7,,250,,47,,18.8,16.5,1001.6,,1006.9,,1,,,9,,,1,1,,,4993,,,57.9,,,,,
202,양평,2023-06-18 14:00,30.6,,,,2.1,,290,,46,,20.1,17.6,1000.9,,1006.2,,1,,,9,,,0,0,,,5000,,,58.5,,,,,
202,양평,2023-06-18 15:00,31.9,,,,1.5,,270,,43,,20.2,17.7,1000.2,,1005.4,,1,,,9,,,0,0,,,5000,,,58,,,,,
202,양평,2023-06-18 16:00,32.1,,,,1.2,,290,,42,,20,17.5,999.8,,1005,,1,,,9,,,0,0,,,5000,,,54.1,,,,,
202,양평,2023-06-18 17:00,32,,,,1.3,,230,,41,,19.4,17,999.6,,1004.8,,1,,,9,,,0,0,,,4559,,,48.9,,,,,
202,양평,2023-06-18 18:00,31.7,,,,1.6,,290,,43,,20,17.5,999.6,,1004.8,,1,,,9,,,0,0,,,5000,,,40.2,,,,,
202,양평,2023-06-18 19:00,30.5,,,,1.2,,270,,48,,20.9,18.2,999.6,,1004.9,,.6,,,9,,,0,0,,,5000,,,32.6,,,,,
202,양평,2023-06-18 20:00,29.4,,,,1.2,,340,,54,,22.1,19.1,999.8,,1005.1,,0,,,9,,,0,0,,,4858,,,28.8,,,,,
202,양평,2023-06-18 21:00,26.8,,,,.7,,270,,70,,24.6,20.8,1000.5,,1005.8,,,9,,9,,,2,0,,,3897,,,26.6,,,,,
202,양평,2023-06-18 22:00,25.8,,,,.4,,0,,73,,24.1,20.5,1001,,1006.4,,,9,,9,,,0,0,,,3206,,,25.2,,,,,
202,양평,2023-06-18 23:00,24.6,,,,.8,,200,,79,,24.4,20.7,1001.4,,1006.7,,,9,,9,,,0,0,,,2686,,,24.3,,,,,
202,양평,2023-06-19 00:00,23.9,,,,.8,,230,,81,,24,20.4,1001.4,,1006.8,,,9,,9,,,0,0,,,2659,,,23.3,,,,,
202,양평,2023-06-19 01:00,22.9,,,,.8,,180,,87,,24.3,20.6,1001.4,,1006.8,,,9,,9,,,0,0,,,2262,,,22.6,,,,,
202,양평,2023-06-19 02:00,22.3,,,,.5,,230,,87,,23.4,20,1001.6,,1007,,,9,,9,,,0,0,,,1979,,,21.9,,,,,
202,양평,2023-06-19 03:00,21.7,,,,.9,,200,,91,,23.5,20.1,1001.4,,1006.8,,,9,,9,,,0,0,,,890,,,21.4,,,,,
202,양평,2023-06-19 04:00,21.6,,,,.1,,0,,89,,22.9,19.7,1001.4,,1006.8,,,9,,9,,,0,0,,,1094,,,20.6,,,,,
202,양평,2023-06-19 05:00,21.1,,,,.2,,0,,89,,22.2,19.2,1001.8,,1007.3,,,9,,9,,,0,0,,,1971,,,20.1,,,,,
202,양평,2023-06-19 06:00,20.8,,,,0,,0,,89,,21.8,18.9,1001.8,,1007.3,,0,,,9,,,0,0,,,1450,,,21.1,,,,,
202,양평,2023-06-19 07:00,21.9,,,,.6,,230,,82,,21.4,18.6,1002.3,,1007.7,,1,,,9,,,0,0,,,1999,,,24.8,,,,,
202,양평,2023-06-19 08:00,23.2,,,,1.5,,230,,78,,22.1,19.1,1002.6,,1008,,1,,,9,,,0,0,,,1864,,,31.2,,,,,
202,양평,2023-06-19 09:00,25.3,,,,1.3,,200,,63,,20.2,17.7,1002.7,,1008.1,,1,,,9,,,0,0,,,3119,,,38.1,,,,,
202,양평,2023-06-19 10:00,27.2,,,,2,,200,,57,,20.5,17.9,1002.5,,1007.8,,1,,,9,,,0,0,,,3279,,,44.1,,,,,
202,양평,2023-06-19 11:00,29.1,,,,2.8,,180,,50,,20.1,17.6,1002.2,,1007.5,,1,,,9,,,0,0,,,4073,,,50.9,,,,,
202,양평,2023-06-19 12:00,29.8,,,,2,,200,,50,,20.9,18.2,1001.5,,1006.8,,1,,,9,,,6,0,,,3896,,,55.1,,,,,
202,양평,2023-06-19 13:00,31.8,,,,2,,160,,44,,20.6,18,1000.5,,1005.7,,1,,,9,,,5,0,,,3696,,,57.3,,,,,
202,양평,2023-06-19 14:00,32.1,,,,2.2,,160,,41,,19.5,17.1,1000.1,,1005.3,,1,,,9,,,8,0,,,3791,,,57.3,,,,,
202,양평,2023-06-19 15:00,32.2,,,,2.7,,160,,42,,20.1,17.6,999.4,,1004.6,,1,,,9,,,6,0,,,3510,,,54,,,,,
202,양평,2023-06-19 16:00,31.5,,,,3.1,,180,,45,,20.8,18.1,998.8,,1004,,.8,,,9,,,6,0,,,184,,,45.9,,,,,
202,양평,2023-06-19 17:00,31.9,,,,1.4,,180,,46,,21.7,18.8,998.9,,1004.1,,.3,,,9,,,8,0,,,3100,,,43.6,,,,,
202,양평,2023-06-19 18:00,31.8,,,,1.2,,230,,47,,22,19,999.2,,1004.4,,.5,,,9,,,6,3,,10,3004,,,38,,,,,
202,양평,2023-06-19 19:00,31.2,,,,1.2,,340,,52,,23.5,20.1,999.6,,1004.9,,0,,,9,,,6,6,,10,3211,,,34,,,,,
202,양평,2023-06-19 20:00,29.4,,,,1.3,,180,,60,,24.6,20.8,1000.1,,1005.4,,0,,,9,,,6,2,,10,2512,,,30.4,,,,,
202,양평,2023-06-19 21:00,28.6,,,,.8,,160,,62,,24.1,20.5,1000.1,,1005.4,,,9,,9,,,7,7,,15,2370,,,28.4,,,,,
202,양평,2023-06-19 22:00,27,,,,.6,,200,,69,,24.6,20.8,1000.7,,1006,,,9,,9,,,7,7,,16,2059,,,27,,,,,
202,양평,2023-06-19 23:00,26.8,,,,1.4,,160,,65,,22.8,19.6,1000.9,,1006.2,,,9,,9,,,4,4,,16,2705,,,25.9,,,,,
202,양평,2023-06-20 00:00,25.3,,,,.9,,180,,73,,23.5,20.1,1001.2,,1006.6,,,9,,9,,,7,7,,16,2044,,,25.7,,,,,
202,양평,2023-06-20 01:00,24.3,,,,1.1,,230,,78,,23.7,20.2,1001.1,,1006.4,,,9,,9,,,5,5,,18,1390,,,24.3,,,,,
202,양평,2023-06-20 02:00,24.6,,,,.6,,90,,69,,21.3,18.5,1000.7,,1006,,,9,,9,,,4,4,,17,1492,,,23.2,,,,,
202,양평,2023-06-20 03:00,23.4,,,,1.2,,180,,75,,21.6,18.7,1000.3,,1005.7,,,9,,9,,,4,4,,16,2596,,,22.1,,,,,
202,양평,2023-06-20 04:00,22.7,,,,.2,,0,,75,,20.6,18,1000.3,,1005.7,,,9,,9,,,5,4,,15,2268,,,21.8,,,,,
202,양평,2023-06-20 05:00,23.1,,,,1,,90,,65,,18.3,16.1,1000.6,,1006,,,9,,9,,,7,7,,59,3650,,,22.1,,,,,
202,양평,2023-06-20 06:00,21.7,,,,.8,,230,,79,,20.4,17.8,1000.5,,1005.9,,0,,,9,,,10,1,,10,2147,,,23.3,,,,,
202,양평,2023-06-20 07:00,22.5,,,,1,,290,,77,,20.9,18.2,1000.5,,1005.9,,0,,,9,,,10,4,,59,2382,,,25.1,,,,,
202,양평,2023-06-20 08:00,23.4,,,,.1,,0,,71,,20.4,17.8,1000.4,,1005.8,,0,,,9,,,9,0,,,2506,,,28.7,,,,,
202,양평,2023-06-20 09:00,24.2,,,,1.1,,200,,69,,20.8,18.1,1000.8,,1006.2,,.2,,,9,,,9,4,,66,2709,,,34,,,,,
202,양평,2023-06-20 10:00,24.2,,,,2.1,,180,,70,,21,18.3,1000.6,,1005.9,,0,,,9,,,10,0,,,3027,,,30.8,,,,,
202,양평,2023-06-20 11:00,25.1,,,,1.9,,180,,62,,19.6,17.2,1001,,1006.4,,0,,,9,,,10,0,,,3113,,,36.9,,,,,
202,양평,2023-06-20 12:00,25.2,,,,2.3,,180,,52,,16.6,14.6,1000.7,,1006.1,,0,,,9,,,10,0,,,4835,,,33.1,,,,,
202,양평,2023-06-20 13:00,25,,,,1.3,,250,,57,,17.9,15.8,1001.4,,1006.8,,0,,,9,,,10,1,,14,4412,,,29,,,,,
202,양평,2023-06-20 14:00,25.4,,,,2.2,,140,,54,,17.5,15.4,999.7,,1005.1,,0,,,9,,,10,1,,11,4194,,,30.7,,,,,
202,양평,2023-06-20 15:00,25.4,,,,2.3,,160,,61,,19.7,17.3,999.3,,1004.7,,0,,,9,,,10,0,,,3321,,,31.2,,,,,
202,양평,2023-06-20 16:00,25.2,,,,2.1,,140,,60,,19.1,16.8,997.5,,1002.9,,0,,,9,,,10,1,,12,3709,,,28,,,,,
202,양평,2023-06-20 17:00,25,,0,,1.7,,50,,61,,19.2,16.9,997.4,,1002.8,,0,,,9,,,10,1,,13,4115,,,26.7,,,,,
202,양평,2023-06-20 18:00,25.3,,,9,1.5,,70,,56,,17.9,15.8,998,,1003.4,,0,,,9,,,10,1,,39,4785,,,27.3,,,,,
202,양평,2023-06-20 19:00,23.5,,,9,1.7,,250,,69,,19.9,17.4,998.3,,1003.7,,0,,,9,,,10,1,,11,4183,,,24.8,,,,,
202,양평,2023-06-20 20:00,23.1,,,9,.4,,0,,71,,20,17.5,998.1,,1003.5,,0,,,9,,,9,3,,45,4309,,,22.6,,,,,
202,양평,2023-06-20 21:00,21.9,,,9,.2,,0,,77,,20.1,17.6,997.9,,1003.3,,,9,,9,,,8,2,,69,3492,,,21.6,,,,,
202,양평,2023-06-20 22:00,21.7,,,9,.6,,290,,77,,19.9,17.4,998.3,,1003.7,,,9,,9,,,10,4,,35,3767,,,21.9,,,,,
202,양평,2023-06-20 23:00,21.5,,,9,.6,,230,,80,,20.4,17.8,998.3,,1003.7,,,9,,9,,,10,1,,16,3289,,,21.4,,,,,
202,양평,2023-06-21 00:00,20.5,,1.5,,.3,,0,,90,,21.6,18.7,998.6,,1004.1,,,9,,9,,,10,1,,3,667,,,21.5,,,,,
202,양평,2023-06-21 01:00,19.5,,5.6,,0,,0,,94,,21.3,18.5,998.4,,1003.8,,,9,,9,,,10,2,,,184,,,20.9,,,,,
202,양평,2023-06-21 02:00,19,,5.9,,1.8,,180,,97,,21.3,18.5,997.3,,1002.7,,,9,,9,,,9,2,,4,456,,,20.4,,,,,
202,양평,2023-06-21 03:00,18.9,,4.7,,1.3,,160,,95,,20.6,18,996.6,,1002,,,9,,9,,,10,2,,4,309,,,20.2,,,,,
202,양평,2023-06-21 04:00,18.5,,8.9,,.6,,270,,95,,20.1,17.6,996.1,,1001.5,,,9,,9,,,10,3,,3,105,,,19.4,,,,,
202,양평,2023-06-21 05:00,18.5,,4.8,,.2,,0,,97,,20.6,18,996.6,,1002.1,,,9,,9,,,10,3,,,239,,,19.7,,,,,
202,양평,2023-06-21 06:00,18.6,,3.9,,.9,,180,,98,,20.9,18.2,996.9,,1002.4,,0,,,9,,,3,3,,,327,,,19.9,,,,,
202,양평,2023-06-21 07:00,19.1,,1,,.7,,180,,96,,21.2,18.4,996.8,,1002.2,,0,,,9,,,3,3,,,648,,,20.7,,,,,
202,양평,2023-06-21 08:00,19.2,,.7,,1.4,,180,,96,,21.3,18.5,996.8,,1002.2,,0,,,9,,,6,6,,4,305,,,21.6,,,,,
202,양평,2023-06-21 09:00,19.6,,.7,,1.2,,180,,96,,21.8,18.9,996.6,,1002,,0,,,9,,,7,1,,,370,,,22.6,,,,,
202,양평,2023-06-21 10:00,20.2,,.1,,.9,,160,,92,,21.7,18.8,996.2,,1001.6,,0,,,9,,,9,9,,4,839,,,23.6,,,,,
202,양평,2023-06-21 11:00,20.2,,,9,1,,200,,94,,22.1,19.1,995.9,,1001.3,,0,,,9,,,9,7,,1,607,,,24.5,,,,,
202,양평,2023-06-21 12:00,20.8,,,9,.7,,180,,91,,22.2,19.2,995.8,,1001.2,,0,,,9,,,8,4,,2,2860,,,24.9,,,,,
202,양평,2023-06-21 13:00,20.7,,,9,.3,,0,,93,,22.7,19.5,995.6,,1001,,0,,,9,,,8,6,,1,771,,,25.2,,,,,
202,양평,2023-06-21 14:00,21.6,,,9,1.1,,140,,83,,21.3,18.5,995.2,,1000.6,,0,,,9,,,8,4,,,5000,,,29.1,,,,,
202,양평,2023-06-21 15:00,21.1,,0,,1.3,,290,,92,,22.9,19.7,995.4,,1000.8,,0,,,9,,,6,4,,3,441,,,26,,,,,
202,양평,2023-06-21 16:00,22.7,,.2,,1.4,,270,,82,,22.5,19.4,995.1,,1000.5,,.1,,,9,,,7,1,,3,5000,,,29.3,,,,,
202,양평,2023-06-21 17:00,22.9,,,9,1.6,,270,,81,,22.5,19.4,994.8,,1000.2,,0,,,9,,,8,6,,5,5000,,,27.7,,,,,
202,양평,2023-06-21 18:00,22.4,,,9,1.6,,290,,81,,21.8,18.9,995,,1000.4,,0,,,9,,,8,3,,4,5000,,,25.4,,,,,
202,양평,2023-06-21 19:00,21.9,,,9,1.7,,290,,83,,21.7,18.8,995.6,,1001,,0,,,9,,,7,7,,7,5000,,,23.5,,,,,
202,양평,2023-06-21 20:00,21.5,,,9,1.6,,290,,87,,22.2,19.2,996,,1001.4,,0,,,9,,,0,0,,,4874,,,22.7,,,,,
202,양평,2023-06-21 21:00,21.2,,,9,1.7,,270,,88,,22.1,19.1,996.4,,1001.8,,,9,,9,,,7,6,,6,4767,,,22,,,,,
202,양평,2023-06-21 22:00,21.1,,,9,1,,290,,86,,21.4,18.6,996.7,,1002.1,,,9,,9,,,8,6,,5,4940,,,21.8,,,,,
202,양평,2023-06-21 23:00,20.7,,,9,1.4,,270,,87,,21.2,18.4,996.8,,1002.2,,,9,,9,,,7,6,,8,5000,,,21.4,,,,,
202,양평,2023-06-22 00:00,20.4,,,9,1,,270,,88,,21,18.3,997,,1002.4,,,9,,9,,,6,3,,,5000,,,20.9,,,,,
202,양평,2023-06-22 01:00,20,,,,.6,,320,,89,,20.8,18.1,997,,1002.5,,,9,,9,,,7,3,,7,5000,,,20.2,,,,,
202,양평,2023-06-22 02:00,19.6,,,,1.2,,340,,85,,19.4,17,997.4,,1002.8,,,9,,9,,,8,5,,7,5000,,,20.1,,,,,
202,양평,2023-06-22 03:00,19.4,,,,.9,,360,,86,,19.2,16.9,997.4,,1002.8,,,9,,9,,,8,2,,7,5000,,,19.9,,,,,
202,양평,2023-06-22 04:00,19.6,,,,1,,340,,83,,18.9,16.6,998,,1003.4,,,9,,9,,,8,6,,10,5000,,,20,,,,,
202,양평,2023-06-22 05:00,19.2,,,,1,,20,,87,,19.2,16.9,998.2,,1003.6,,,9,,9,,,8,3,,9,5000,,,19.7,,,,,
202,양평,2023-06-22 06:00,19.1,,,,1.4,,360,,86,,18.9,16.6,998.3,,1003.7,,0,,,9,,,9,6,,9,5000,,,19.9,,,,,
202,양평,2023-06-22 07:00,19.4,,,,1.5,,290,,86,,19.2,16.9,998.5,,1003.9,,0,,,9,,,6,3,,9,5000,,,21.1,,,,,
202,양평,2023-06-22 08:00,20.3,,,,1.6,,290,,76,,18.1,15.9,998.6,,1004.1,,0,,,9,,,6,6,,8,5000,,,22.5,,,,,
202,양평,2023-06-22 09:00,22.3,,,,2,,320,,68,,18.3,16.1,998.9,,1004.3,,.7,,,9,,,5,2,,8,5000,,,28,,,,,
202,양평,2023-06-22 10:00,23.3,,,,2.1,,290,,64,,18.2,16,998.7,,1004.1,,.6,,,9,,,7,6,,7,5000,,,30.6,,,,,
202,양평,2023-06-22 11:00,24.7,,,,2.8,,290,,58,,17.9,15.8,998.2,,1003.5,,1,,,9,,,4,0,,,5000,,,34.8,,,,,
202,양평,2023-06-22 12:00,25,,,,2.2,,290,,58,,18.3,16.1,998,,1003.4,,.6,,,9,,,9,5,,11,5000,,,33.2,,,,,
202,양평,2023-06-22 13:00,25.2,,,,2.4,,290,,58,,18.5,16.3,997.6,,1003,,.3,,,9,,,8,5,,11,5000,,,30.3,,,,,
202,양평,2023-06-22 14:00,25.4,,,,2.5,,290,,56,,18.1,15.9,997.4,,1002.7,,.3,,,9,,,8,3,,11,5000,,,30.4,,,,,
202,양평,2023-06-22 15:00,26.9,,,,2.2,,270,,56,,19.7,17.3,997.2,,1002.5,,.6,,,9,,,9,2,,5,4952,,,36.2,,,,,
202,양평,2023-06-22 16:00,24.7,,0,,1.3,,290,,64,,19.9,17.4,997.1,,1002.4,,.3,,,9,,,9,3,,10,4563,,,28.7,,,,,
202,양평,2023-06-22 17:00,23.6,,.4,,.5,,320,,70,,20.4,17.8,997.1,,1002.4,,0,,,9,,,10,2,,7,3756,,,27.6,,,,,
202,양평,2023-06-22 18:00,22.8,,0,,1.5,,180,,81,,22.4,19.3,997.5,,1002.9,,.3,,,9,,,7,3,,7,2913,,,26.1,,,,,
202,양평,2023-06-22 19:00,22.3,,.1,,1.2,,290,,85,,22.8,19.6,998.3,,1003.7,,0,,,9,,,8,6,,7,807,,,24.2,,,,,
202,양평,2023-06-22 20:00,21.3,,.3,,.7,,320,,90,,22.7,19.5,999,,1004.4,,0,,,9,,,8,3,,7,1974,,,23.3,,,,,
202,양평,2023-06-22 21:00,21.1,,,9,1,,340,,89,,22.2,19.2,999.4,,1004.8,,,9,,9,,,9,4,,21,1731,,,22.5,,,,,
202,양평,2023-06-22 22:00,20.8,,,9,0,,0,,94,,22.9,19.7,1000.2,,1005.7,,,9,,9,,,6,5,,7,1188,,,22.3,,,,,
202,양평,2023-06-22 23:00,20.2,,,9,.2,,0,,95,,22.4,19.3,1000.8,,1006.3,,,9,,9,,,7,7,,2,1042,,,21.6,,,,,
202,양평,2023-06-23 00:00,19.9,,,9,.3,,0,,96,,22.2,19.2,1000.9,,1006.4,,,9,,9,,,5,5,,,708,,,21.1,,,,,
203,이천,2023-06-17 01:00,20.3,,,,1.6,,230,,74,,17.6,15.5,1005.6,,1014.9,,,9,,9,,,0,0,,,3990,,,20.2,,,,,
203,이천,2023-06-17 02:00,19.6,,,,1.1,,230,,75,,17,15,1005.7,,1015,,,9,,9,,,0,0,,,3318,,,19.7,,,,,
203,이천,2023-06-17 03:00,18.1,,,,.5,,250,,84,,17.4,15.3,1005.8,,1015.2,,,9,,9,,,0,0,,,3047,,,18.9,,,,,
203,이천,2023-06-17 04:00,18,,,,.6,,250,,83,,17,15,1006.3,,1015.7,,,9,,9,,,0,0,,,2294,,,18.4,,,,,
203,이천,2023-06-17 05:00,16.1,,,,0,,0,,98,,17.8,15.7,1006.3,,1015.8,,,9,,9,,,0,0,,,811,,,18,,,,,
203,이천,2023-06-17 06:00,16.3,,,,.3,,0,,99,,18.3,16.1,1006.4,,1015.9,,0,,,9,,,0,0,,,843,,,18.3,,,,,
203,이천,2023-06-17 07:00,19,,,,.2,,0,,84,,18.4,16.2,1006.3,,1015.6,,0,,,9,,,0,0,,,1064,,,19.8,,,,,
203,이천,2023-06-17 08:00,21.1,,,,.6,,340,,78,,19.5,17.1,1006,,1015.3,,.7,,,9,,,0,0,,,1168,,,23.2,,,,,
203,이천,2023-06-17 09:00,23.9,,,,.4,,0,,66,,19.5,17.1,1005.9,,1015,,1,,,9,,,0,0,,,1316,,,29.6,,,,,
203,이천,2023-06-17 10:00,25.5,,,,.8,,200,,61,,19.9,17.4,1005.2,,1014.3,,1,,,9,,,0,0,,,1464,,,36.5,,,,,
203,이천,2023-06-17 11:00,26.9,,,,1.2,,180,,52,,18.4,16.2,1005.1,,1014.2,,1,,,9,,,0,0,,,2617,,,39.1,,,,,
203,이천,2023-06-17 12:00,28.7,,,,2,,160,,50,,19.6,17.2,1004.8,,1013.8,,1,,,9,,,0,0,,,3395,,,45.7,,,,,
203,이천,2023-06-17 13:00,30.3,,,,1,,70,,45,,19.4,17,1004.1,,1013.1,,1,,,9,,,6,0,,,4933,,,47.4,,,,,
203,이천,2023-06-17 14:00,31.2,,,,1.4,,290,,36,,16.3,14.3,1003.6,,1012.6,,1,,,9,,,3,0,,,5000,,,48.1,,,,,
203,이천,2023-06-17 15:00,31.9,,,,1.6,,230,,42,,19.7,17.3,1003.1,,1012,,1,,,9,,,4,0,,,5000,,,46.1,,,,,
203,이천,2023-06-17 16:00,31.1,,,,1.5,,320,,39,,17.6,15.5,1002.7,,1011.6,,1,,,9,,,5,0,,,5000,,,39.6,,,,,
203,이천,2023-06-17 17:00,30.5,,,,1.1,,250,,44,,19.1,16.8,1002.1,,1011.1,,.9,,,9,,,6,0,,,5000,,,36.1,,,,,
203,이천,2023-06-17 18:00,28.3,,,,2,,230,,49,,18.8,16.5,1002.2,,1011.2,,0,,,9,,,8,0,,,5000,,,32.2,,,,,
203,이천,2023-06-17 19:00,26.6,,,,1.4,,200,,49,,17,15,1002.3,,1011.4,,0,,,9,,,10,0,,,4968,,,28.8,,,,,
203,이천,2023-06-17 20:00,25,,,,1.7,,230,,50,,15.8,13.8,1002.2,,1011.3,,0,,,9,,,10,1,,13,5000,,,26.1,,,,,
203,이천,2023-06-17 21:00,23.8,,,,1.3,,200,,51,,15,13,1002.4,,1011.5,,,9,,9,,,10,3,,15,5000,,,24.6,,,,,
203,이천,2023-06-17 22:00,23.2,,,,1.5,,230,,51,,14.4,12.4,1003,,1012.2,,,9,,9,,,10,7,,,5000,,,23.6,,,,,
203,이천,2023-06-17 23:00,22.5,,,,1.5,,230,,53,,14.4,12.4,1002.7,,1011.9,,,9,,9,,,10,1,,15,5000,,,23,,,,,
203,이천,2023-06-18 00:00,22.2,,,,1.3,,200,,55,,14.7,12.7,1002.5,,1011.7,,,9,,9,,,9,1,,15,5000,,,22.4,,,,,
203,이천,2023-06-18 01:00,21.6,,,,1.5,,230,,60,,15.4,13.4,1002.2,,1011.4,,,9,,9,,,10,4,,16,5000,,,22,,,,,
203,이천,2023-06-18 02:00,21,,,,1.6,,230,,65,,16.1,14.1,1002.1,,1011.4,,,9,,9,,,10,1,,17,5000,,,21.6,,,,,
203,이천,2023-06-18 03:00,20.7,,,,.7,,200,,67,,16.3,14.3,1001.6,,1010.9,,,9,,9,,,10,1,,16,4497,,,21.3,,,,,
203,이천,2023-06-18 04:00,19.5,,,,.3,,0,,75,,16.9,14.9,1001.2,,1010.4,,,9,,9,,,10,3,,15,3718,,,20.9,,,,,
203,이천,2023-06-18 05:00,19.1,,,,.2,,0,,78,,17.2,15.1,1001.1,,1010.4,,,9,,9,,,9,1,,16,2958,,,20.5,,,,,
203,이천,2023-06-18 06:00,18.9,,,,.1,,0,,84,,18.3,16.1,1001.2,,1010.5,,0,,,9,,,6,0,,,2213,,,20.8,,,,,
203,이천,2023-06-18 07:00,21.1,,,,.5,,20,,77,,19.2,16.9,1000.9,,1010.1,,0,,,9,,,4,0,,,1613,,,22.3,,,,,
203,이천,2023-06-18 08:00,22.5,,,,.8,,20,,70,,19,16.7,1000.9,,1010.1,,.7,,,9,,,7,0,,,1590,,,25.3,,,,,
203,이천,2023-06-18 09:00,23.6,,,,.7,,360,,64,,18.5,16.3,1000.5,,1009.6,,.9,,,9,,,7,0,,,1712,,,30.1,,,,,
203,이천,2023-06-18 10:00,25.6,,,,.5,,90,,59,,19.2,16.9,1000.1,,1009.2,,1,,,9,,,6,0,,,1691,,,36.5,,,,,
203,이천,2023-06-18 11:00,27.5,,,,1.5,,320,,45,,16.4,14.4,999.7,,1008.7,,1,,,9,,,3,0,,,4511,,,39.7,,,,,
203,이천,2023-06-18 12:00,29.2,,,,1.4,,70,,40,,16.2,14.2,999,,1007.9,,1,,,9,,,4,0,,,5000,,,47,,,,,
203,이천,2023-06-18 13:00,30.3,,,,1.1,,20,,44,,18.9,16.6,998.4,,1007.3,,1,,,9,,,0,0,,,5000,,,49.8,,,,,
203,이천,2023-06-18 14:00,30.9,,,,1.7,,50,,42,,18.6,16.4,997.8,,1006.7,,1,,,9,,,0,0,,,5000,,,49.7,,,,,
203,이천,2023-06-18 15:00,31.7,,,,1.5,,20,,43,,20,17.5,997.2,,1006.1,,1,,,9,,,0,0,,,5000,,,46.8,,,,,
203,이천,2023-06-18 16:00,32.4,,,,1.2,,20,,40,,19.4,17,996.7,,1005.6,,1,,,9,,,0,0,,,4992,,,44.4,,,,,
203,이천,2023-06-18 17:00,32,,,,.6,,20,,41,,19.4,17,996.6,,1005.5,,1,,,9,,,0,0,,,4984,,,39.9,,,,,
203,이천,2023-06-18 18:00,32,,,,.2,,0,,43,,20.4,17.8,996.5,,1005.4,,1,,,9,,,0,0,,,4786,,,34.7,,,,,
203,이천,2023-06-18 19:00,30.2,,,,0,,0,,50,,21.4,18.6,996.7,,1005.6,,.7,,,9,,,0,0,,,5000,,,30.8,,,,,
203,이천,2023-06-18 20:00,28.2,,,,1.9,,200,,58,,22.1,19.1,996.8,,1005.8,,0,,,9,,,0,0,,,4092,,,28,,,,,
203,이천,2023-06-18 21:00,26.5,,,,1.9,,230,,61,,21,18.3,997.5,,1006.5,,,9,,9,,,1,1,,18,4266,,,26.5,,,,,
203,이천,2023-06-18 22:00,25.6,,,,1.7,,230,,64,,20.9,18.2,997.9,,1007,,,9,,9,,,0,0,,,3852,,,25.5,,,,,
203,이천,2023-06-18 23:00,24.6,,,,.5,,320,,66,,20.4,17.8,998.2,,1007.2,,,9,,9,,,0,0,,,4160,,,24.6,,,,,
203,이천,2023-06-19 00:00,23.2,,,,0,,0,,72,,20.4,17.8,998.3,,1007.4,,,9,,9,,,0,0,,,3528,,,23.7,,,,,
203,이천,2023-06-19 01:00,23.4,,,,1.1,,250,,71,,20.4,17.8,998.3,,1007.4,,,9,,9,,,0,0,,,3306,,,23,,,,,
203,이천,2023-06-19 02:00,22.1,,,,.3,,0,,78,,20.6,18,998.4,,1007.6,,,9,,9,,,0,0,,,2463,,,22.5,,,,,
203,이천,2023-06-19 03:00,21,,,,.8,,20,,84,,20.8,18.1,998.2,,1007.4,,,9,,9,,,0,0,,,2241,,,21.9,,,,,
203,이천,2023-06-19 04:00,20.8,,,,0,,0,,87,,21.3,18.5,998.2,,1007.4,,,9,,9,,,0,0,,,1057,,,21.4,,,,,
203,이천,2023-06-19 05:00,20.2,,,,.1,,0,,89,,21,18.3,998.6,,1007.9,,,9,,9,,,0,0,,,1437,,,20.9,,,,,
203,이천,2023-06-19 06:00,20.5,,,,.6,,360,,93,,22.4,19.3,998.6,,1007.9,,0,,,9,,,0,0,,,880,,,21.5,,,,,
203,이천,2023-06-19 07:00,22.7,,,,.3,,0,,86,,23.7,20.2,999,,1008.1,,0,,,9,,,0,0,,,1075,,,23.4,,,,,
203,이천,2023-06-19 08:00,24.8,,,,1.1,,20,,74,,23.1,19.8,999.5,,1008.6,,.6,,,9,,,0,0,,,2084,,,26.9,,,,,
203,이천,2023-06-19 09:00,26.9,,,,1.2,,360,,65,,22.9,19.7,999.5,,1008.5,,1,,,9,,,0,0,,,2393,,,33.9,,,,,
203,이천,2023-06-19 10:00,28.6,,,,1.3,,50,,57,,22.2,19.2,999.4,,1008.4,,1,,,9,,,0,0,,,3096,,,39.4,,,,,
203,이천,2023-06-19 11:00,30.2,,,,1.3,,70,,51,,21.8,18.9,998.9,,1007.8,,1,,,9,,,0,0,,,3384,,,41.3,,,,,
203,이천,2023-06-19 12:00,31.4,,,,1.7,,70,,49,,22.4,19.3,998.3,,1007.2,,1,,,9,,,6,0,,,3657,,,46.7,,,,,
203,이천,2023-06-19 13:00,32.3,,,,2,,50,,48,,23.1,19.8,997.3,,1006.2,,1,,,9,,,6,0,,,3047,,,49.3,,,,,
203,이천,2023-06-19 14:00,33.2,,,,1.2,,70,,46,,23.4,20,996.9,,1005.7,,1,,,9,,,6,0,,,3294,,,49.4,,,,,
203,이천,2023-06-19 15:00,33.3,,,,1,,110,,46,,23.5,20.1,996.3,,1005.1,,1,,,9,,,7,0,,,3151,,,46.4,,,,,
203,이천,2023-06-19 16:00,32.2,,,,.8,,70,,49,,23.5,20.1,995.7,,1004.5,,.6,,,9,,,6,0,,,3119,,,39,,,,,
203,이천,2023-06-19 17:00,32.7,,,,1.6,,200,,52,,25.6,21.5,995.7,,1004.5,,.3,,,9,,,8,7,,16,3014,,,39.1,,,,,
203,이천,2023-06-19 18:00,32,,,,1.5,,160,,51,,24.1,20.5,996,,1004.9,,.4,,,9,,,6,4,,10,2824,,,34.5,,,,,
203,이천,2023-06-19 19:00,30.9,,,,1.9,,160,,52,,23.1,19.8,996.7,,1005.6,,0,,,9,,,7,7,,10,3010,,,31.8,,,,,
203,이천,2023-06-19 20:00,30.2,,,,3,,140,,53,,22.7,19.5,997,,1005.9,,0,,,9,,,8,8,,16,3222,,,29.4,,,,,
203,이천,2023-06-19 21:00,28.2,,,,1.4,,230,,63,,24,20.4,997.2,,1006.2,,,9,,9,,,8,8,,16,2034,,,27.9,,,,,
203,이천,2023-06-19 22:00,26.6,,,,1.8,,180,,68,,23.7,20.2,997.8,,1006.8,,,9,,9,,,7,7,,17,1386,,,26.4,,,,,
203,이천,2023-06-19 23:00,25.5,,,,.4,,0,,70,,22.8,19.6,997.9,,1007,,,9,,9,,,3,3,,17,1223,,,25.3,,,,,
203,이천,2023-06-20 00:00,24.4,,,,0,,0,,73,,22.2,19.2,998.1,,1007.1,,,9,,9,,,6,6,,18,1024,,,24.4,,,,,
203,이천,2023-06-20 01:00,23.6,,,,.5,,20,,75,,21.8,18.9,998.1,,1007.2,,,9,,9,,,6,6,,17,1636,,,23.5,,,,,
203,이천,2023-06-20 02:00,23.8,,,,.6,,110,,64,,18.8,16.5,997.7,,1006.8,,,9,,9,,,2,2,,16,3316,,,22.6,,,,,
203,이천,2023-06-20 03:00,22.4,,,,.9,,360,,68,,18.3,16.1,997.1,,1006.2,,,9,,9,,,2,2,,16,2873,,,22,,,,,
203,이천,2023-06-20 04:00,21.6,,,,.3,,0,,69,,17.7,15.6,997.2,,1006.4,,,9,,9,,,4,1,,62,3610,,,21.3,,,,,
203,이천,2023-06-20 05:00,20.4,,,,.4,,0,,75,,17.9,15.8,997.4,,1006.6,,,9,,9,,,6,4,,15,3476,,,21.2,,,,,
203,이천,2023-06-20 06:00,21.4,,,,.9,,20,,72,,18.3,16.1,997.2,,1006.4,,0,,,9,,,9,9,,59,4253,,,22.2,,,,,
203,이천,2023-06-20 07:00,22.3,,,,.6,,360,,73,,19.6,17.2,997.2,,1006.3,,0,,,9,,,9,2,,59,3757,,,24,,,,,
203,이천,2023-06-20 08:00,23.5,,,,.6,,360,,69,,19.9,17.4,997.4,,1006.5,,.1,,,9,,,7,1,,10,3159,,,26,,,,,
203,이천,2023-06-20 09:00,25.1,,,,1.7,,110,,53,,16.8,14.8,997.5,,1006.6,,.3,,,9,,,9,0,,,4881,,,30,,,,,
203,이천,2023-06-20 10:00,24.9,,,,.4,,0,,56,,17.6,15.5,997.5,,1006.6,,0,,,9,,,10,0,,,5000,,,28.7,,,,,
203,이천,2023-06-20 11:00,26.4,,,,1.2,,200,,49,,16.8,14.8,997.8,,1006.8,,.1,,,9,,,10,0,,,5000,,,34.5,,,,,
203,이천,2023-06-20 12:00,25.2,,,,1.3,,140,,52,,16.6,14.6,997.4,,1006.5,,.1,,,9,,,10,0,,,5000,,,30.4,,,,,
203,이천,2023-06-20 13:00,24.6,,,,.3,,0,,64,,19.7,17.3,997.6,,1006.6,,0,,,9,,,10,0,,,5000,,,28.9,,,,,
203,이천,2023-06-20 14:00,26.7,,,,1.4,,20,,51,,17.8,15.7,996.7,,1005.7,,0,,,9,,,10,0,,,5000,,,33,,,,,
203,이천,2023-06-20 15:00,26,,0,,1.6,,90,,53,,17.7,15.6,996.2,,1005.2,,0,,,9,,,10,1,,13,4816,,,28.7,,,,,
203,이천,2023-06-20 16:00,24.8,,0,,1.7,,110,,61,,19,16.7,995.1,,1004.2,,0,,,9,,,10,7,,10,4916,,,26.8,,,,,
203,이천,2023-06-20 17:00,24.9,,0,,1.9,,140,,60,,18.8,16.5,993.8,,1002.9,,0,,,9,,,10,3,,5,5000,,,26,,,,,
203,이천,2023-06-20 18:00,24.6,,,9,.3,,0,,62,,19.1,16.8,994.7,,1003.7,,0,,,9,,,10,4,,36,5000,,,25.9,,,,,
203,이천,2023-06-20 19:00,23.7,,,9,.5,,320,,68,,19.9,17.4,994.9,,1004,,0,,,9,,,10,2,,10,4850,,,24.8,,,,,
203,이천,2023-06-20 20:00,23,,,9,.4,,0,,70,,19.6,17.2,995.2,,1004.3,,0,,,9,,,9,3,,49,5000,,,23.8,,,,,
203,이천,2023-06-20 21:00,21.7,,,9,1.2,,360,,80,,20.6,18,994.7,,1003.9,,,9,,9,,,10,6,,47,4552,,,22.7,,,,,
203,이천,2023-06-20 22:00,22.2,,,9,.2,,0,,77,,20.5,17.9,995.3,,1004.4,,,9,,9,,,9,7,,25,4280,,,22.6,,,,,
203,이천,2023-06-20 23:00,20.6,,.7,,.6,,230,,96,,23.2,19.9,995.4,,1004.6,,,9,,9,,,10,10,,7,505,,,22.2,,,,,
203,이천,2023-06-21 00:00,19.7,,5.7,,.4,,0,,100,,22.8,19.6,995.5,,1004.7,,,9,,9,,,10,10,,2,211,,,21.6,,,,,
203,이천,2023-06-21 01:00,18.8,,3.9,,.4,,0,,100,,21.6,18.7,995.3,,1004.5,,,9,,9,,,10,10,,2,274,,,21.3,,,,,
203,이천,2023-06-21 02:00,18.2,,15.1,,1.4,,20,,100,,20.8,18.1,994.4,,1003.6,,,9,,9,,,10,10,,1,176,,,19.9,,,,,
203,이천,2023-06-21 03:00,18.3,,4.1,,1.4,,20,,100,,20.9,18.2,993.3,,1002.5,,,9,,9,,,10,10,,,251,,,20.3,,,,,
203,이천,2023-06-21 04:00,18.3,,8,,.7,,340,,100,,20.9,18.2,992.9,,1002.1,,,9,,9,,,10,10,,,200,,,19.8,,,,,
203,이천,2023-06-21 05:00,18.2,,2,,.7,,360,,100,,20.8,18.1,993.2,,1002.4,,,9,,9,,,9,9,,,250,,,20.2,,,,,
203,이천,2023-06-21 06:00,18.5,,2.6,,1.1,,360,,100,,21.2,18.4,993.6,,1002.8,,0,,,9,,,0,0,,,207,,,20.3,,,,,
203,이천,2023-06-21 07:00,18.8,,1.7,,1.2,,20,,100,,21.6,18.7,993.6,,1002.8,,0,,,9,,,3,3,,,212,,,20.8,,,,,
203,이천,2023-06-21 08:00,19,,4,,1.2,,20,,100,,21.8,18.9,993.6,,1002.8,,0,,,9,,,4,4,,,262,,,21.4,,,,,
203,이천,2023-06-21 09:00,19.6,,.7,,1.2,,20,,100,,22.7,19.5,993.5,,1002.7,,0,,,9,,,10,10,,,479,,,22.6,,,,,
203,이천,2023-06-21 10:00,20,,1.5,,1.1,,50,,100,,23.2,19.9,993,,1002.2,,0,,,9,,,8,8,,,837,,,23.3,,,,,
203,이천,2023-06-21 11:00,20.5,,,9,1,,70,,100,,24,20.4,992.6,,1001.8,,0,,,9,,,9,9,,1,873,,,23.9,,,,,
203,이천,2023-06-21 12:00,20.6,,.1,,.8,,20,,100,,24.1,20.5,992.5,,1001.7,,0,,,9,,,9,9,,1,416,,,24.2,,,,,
203,이천,2023-06-21 13:00,20.5,,1.1,,.1,,0,,100,,24,20.4,992.4,,1001.6,,0,,,9,,,9,9,,,233,,,23.9,,,,,
203,이천,2023-06-21 14:00,21.2,,.9,,.6,,70,,100,,25,21.1,992,,1001.2,,0,,,9,,,8,8,,,363,,,24.3,,,,,
203,이천,2023-06-21 15:00,21.2,,.5,,.8,,320,,100,,25,21.1,992.1,,1001.3,,0,,,9,,,7,7,,2,269,,,24.2,,,,,
203,이천,2023-06-21 16:00,22.2,,.2,,.9,,320,,96,,25.6,21.5,991.8,,1000.9,,.1,,,9,,,7,7,,,1877,,,26.6,,,,,
203,이천,2023-06-21 17:00,22.5,,,9,.3,,0,,95,,25.8,21.6,991.7,,1000.8,,0,,,9,,,8,8,,2,2351,,,25.6,,,,,
203,이천,2023-06-21 18:00,22.2,,,9,.1,,0,,96,,25.6,21.5,991.9,,1001,,0,,,9,,,8,8,,3,2503,,,24.8,,,,,
203,이천,2023-06-21 19:00,21.7,,,9,1,,250,,97,,25,21.1,992.5,,1001.6,,0,,,9,,,7,7,,3,2277,,,23.9,,,,,
203,이천,2023-06-21 20:00,21.2,,,9,.9,,250,,96,,24.1,20.5,992.9,,1002.1,,0,,,9,,,5,5,,4,1782,,,23,,,,,
203,이천,2023-06-21 21:00,20.6,,,9,.1,,0,,100,,24.1,20.5,993.4,,1002.6,,,9,,9,,,8,8,,8,1523,,,22.4,,,,,
203,이천,2023-06-21 22:00,21,,,9,.9,,230,,97,,24,20.4,993.7,,1002.9,,,9,,9,,,8,8,,4,1909,,,22.4,,,,,
203,이천,2023-06-21 23:00,20.8,,,9,.6,,230,,96,,23.5,20.1,993.7,,1002.9,,,9,,9,,,7,7,,4,2472,,,22.4,,,,,
203,이천,2023-06-22 00:00,20.6,,,9,1.1,,250,,97,,23.5,20.1,993.9,,1003.1,,,9,,9,,,7,7,,3,1060,,,22.2,,,,,
203,이천,2023-06-22 01:00,20.4,,,,.9,,230,,98,,23.4,20,993.9,,1003.1,,,9,,9,,,8,8,,3,859,,,22,,,,,
203,이천,2023-06-22 02:00,20.2,,,,1.2,,250,,97,,22.9,19.7,994.2,,1003.4,,,9,,9,,,8,8,,3,1132,,,21.8,,,,,
203,이천,2023-06-22 03:00,20.1,,,,.9,,230,,95,,22.2,19.2,994.3,,1003.5,,,9,,9,,,8,8,,11,1850,,,21.7,,,,,
203,이천,2023-06-22 04:00,19.8,,,,.6,,230,,95,,21.8,18.9,994.8,,1004.1,,,9,,9,,,8,8,,5,2922,,,21.5,,,,,
203,이천,2023-06-22 05:00,19.4,,,,.1,,0,,98,,22,19,995,,1004.2,,,9,,9,,,8,8,,11,2228,,,21.3,,,,,
203,이천,2023-06-22 06:00,19.5,,,,.1,,0,,97,,22,19,995.2,,1004.4,,0,,,9,,,9,8,,12,4550,,,21.4,,,,,
203,이천,2023-06-22 07:00,20.5,,,,.4,,0,,89,,21.4,18.6,995.3,,1004.5,,0,,,9,,,2,2,,15,4363,,,22.5,,,,,
203,이천,2023-06-22 08:00,21,,,,.7,,250,,82,,20.4,17.8,995.6,,1004.8,,0,,,9,,,6,4,,5,5000,,,23.6,,,,,
203,이천,2023-06-22 09:00,23,,,,1.2,,250,,75,,21,18.3,995.6,,1004.7,,.5,,,9,,,6,5,,6,5000,,,27.6,,,,,
203,이천,2023-06-22 10:00,23.9,,,,.9,,270,,70,,20.6,18,995.5,,1004.5,,.6,,,9,,,6,6,,7,5000,,,29.4,,,,,
203,이천,2023-06-22 11:00,25.6,,,,1.5,,230,,63,,20.6,18,995,,1004,,.8,,,9,,,6,4,,9,5000,,,32.8,,,,,
203,이천,2023-06-22 12:00,24.8,,,,2,,230,,66,,20.6,18,994.8,,1003.9,,.4,,,9,,,6,6,,10,5000,,,30.5,,,,,
203,이천,2023-06-22 13:00,26,,,,1.4,,230,,61,,20.4,17.8,994.4,,1003.4,,.4,,,9,,,7,6,,11,5000,,,33,,,,,
203,이천,2023-06-22 14:00,26.4,,,,1.2,,290,,58,,19.9,17.4,994.1,,1003.1,,.5,,,9,,,8,6,,11,5000,,,31.7,,,,,
203,이천,2023-06-22 15:00,26,,,,1.8,,230,,62,,20.8,18.1,994,,1003,,.3,,,9,,,8,7,,11,4572,,,31.3,,,,,
203,이천,2023-06-22 16:00,24.3,,0,,2.1,,250,,72,,21.8,18.9,994,,1003,,0,,,9,,,10,10,,10,2791,,,27.3,,,,,
203,이천,2023-06-22 17:00,24.4,,0,,1,,250,,72,,22,19,994.1,,1003.1,,0,,,9,,,10,10,,10,4036,,,27,,,,,
203,이천,2023-06-22 18:00,24.5,,.1,,1.7,,250,,70,,21.4,18.6,994.3,,1003.3,,.1,,,9,,,10,10,,10,5000,,,26.6,,,,,
203,이천,2023-06-22 19:00,23.4,,,9,1.5,,230,,76,,21.8,18.9,995,,1004.1,,.2,,,9,,,6,6,,8,4743,,,25.3,,,,,
203,이천,2023-06-22 20:00,22.7,,,9,1.7,,230,,77,,21.2,18.4,995.8,,1004.9,,0,,,9,,,7,7,,11,4645,,,24.2,,,,,
203,이천,2023-06-22 21:00,20.7,,.4,,.9,,230,,95,,23.1,19.8,996.4,,1005.6,,,9,,9,,,7,7,,10,1581,,,23.5,,,,,
203,이천,2023-06-22 22:00,20.5,,,9,1.1,,140,,94,,22.5,19.4,997.1,,1006.3,,,9,,9,,,6,4,,11,1344,,,22.5,,,,,
203,이천,2023-06-22 23:00,20.3,,,9,.8,,200,,95,,22.5,19.4,997.6,,1006.9,,,9,,9,,,7,7,,28,907,,,22.3,,,,,
203,이천,2023-06-23 00:00,19.6,,,9,.3,,0,,98,,22.2,19.2,997.8,,1007,,,9,,9,,,6,3,,,637,,,21.5,,,,,
